soc_code,occupation_title,employment_national,annual_median_wage,source
11-1000,Top Executives,3822780.0,104990.0,BLS OEWS 2024
11-1011,Chief Executives,211850.0,206420.0,BLS OEWS 2024
11-1021,General and Operations Managers,3584420.0,102950.0,BLS OEWS 2024
11-1031,Legislators,26510.0,44810.0,BLS OEWS 2024
11-2000,"Advertising, Marketing, Promotions, Public Relations, and Sales Managers",1122770.0,144530.0,BLS OEWS 2024
11-2011,Advertising and Promotions Managers,21100.0,126960.0,BLS OEWS 2024
11-2020,Marketing and Sales Managers,988680.0,148870.0,BLS OEWS 2024
11-2021,Marketing Managers,384980.0,161030.0,BLS OEWS 2024
11-2022,Sales Managers,603710.0,138060.0,BLS OEWS 2024
11-2030,Public Relations and Fundraising Managers,112980.0,132870.0,BLS OEWS 2024
11-2032,Public Relations Managers,76060.0,138520.0,BLS OEWS 2024
11-2033,Fundraising Managers,36920.0,123480.0,BLS OEWS 2024
11-3000,Operations Specialties Managers,2669000.0,140330.0,BLS OEWS 2024
11-3010,Administrative Services and Facilities Managers,395230.0,106880.0,BLS OEWS 2024
11-3012,Administrative Services Managers,254140.0,108390.0,BLS OEWS 2024
11-3013,Facilities Managers,141090.0,104690.0,BLS OEWS 2024
11-3021,Computer and Information Systems Managers,645970.0,171200.0,BLS OEWS 2024
11-3031,Financial Managers,818620.0,161700.0,BLS OEWS 2024
11-3051,Industrial Production Managers,234380.0,121440.0,BLS OEWS 2024
11-3061,Purchasing Managers,81240.0,139510.0,BLS OEWS 2024
11-3071,"Transportation, Storage, and Distribution Managers",213000.0,102010.0,BLS OEWS 2024
11-3111,Compensation and Benefits Managers,20070.0,140360.0,BLS OEWS 2024
11-3121,Human Resources Managers,215520.0,140030.0,BLS OEWS 2024
11-3131,Training and Development Managers,44960.0,127090.0,BLS OEWS 2024
11-9000,Other Management Occupations,3352280.0,104030.0,BLS OEWS 2024
11-9013,"Farmers, Ranchers, and Other Agricultural Managers",5910.0,87980.0,BLS OEWS 2024
11-9021,Construction Managers,348330.0,106980.0,BLS OEWS 2024
11-9030,Education and Childcare Administrators,621000.0,100650.0,BLS OEWS 2024
11-9031,"Education and Childcare Administrators, Preschool and Daycare",71620.0,56270.0,BLS OEWS 2024
11-9032,"Education Administrators, Kindergarten through Secondary",319630.0,104070.0,BLS OEWS 2024
11-9033,"Education Administrators, Postsecondary",176420.0,103960.0,BLS OEWS 2024
11-9039,"Education Administrators, All Other",53330.0,89040.0,BLS OEWS 2024
11-9041,Architectural and Engineering Managers,210340.0,167740.0,BLS OEWS 2024
11-9051,Food Service Managers,244230.0,65310.0,BLS OEWS 2024
11-9070,Entertainment and Recreation Managers,41320.0,77650.0,BLS OEWS 2024
11-9071,Gambling Managers,4620.0,85580.0,BLS OEWS 2024
11-9072,"Entertainment and Recreation Managers, Except Gambling",36700.0,77180.0,BLS OEWS 2024
11-9081,Lodging Managers,41350.0,68130.0,BLS OEWS 2024
11-9111,Medical and Health Services Managers,565840.0,117960.0,BLS OEWS 2024
11-9121,Natural Sciences Managers,100870.0,161180.0,BLS OEWS 2024
11-9131,Postmasters and Mail Superintendents,13810.0,92730.0,BLS OEWS 2024
11-9141,"Property, Real Estate, and Community Association Managers",296640.0,66700.0,BLS OEWS 2024
11-9151,Social and Community Service Managers,195490.0,78240.0,BLS OEWS 2024
11-9161,Emergency Management Directors,12570.0,86130.0,BLS OEWS 2024
11-9170,Personal Service Managers,23610.0,70560.0,BLS OEWS 2024
11-9171,Funeral Home Managers,13120.0,76830.0,BLS OEWS 2024
11-9179,"Personal Service Managers, All Other",10490.0,61340.0,BLS OEWS 2024
11-9199,"Managers, All Other",630980.0,136550.0,BLS OEWS 2024
13-1000,Business Operations Specialists,7318320.0,80410.0,BLS OEWS 2024
13-1011,"Agents and Business Managers of Artists, Performers, and Athletes",14220.0,96310.0,BLS OEWS 2024
13-1020,Buyers and Purchasing Agents,486900.0,75650.0,BLS OEWS 2024
13-1030,"Claims Adjusters, Appraisers, Examiners, and Investigators",312810.0,76790.0,BLS OEWS 2024
13-1031,"Claims Adjusters, Examiners, and Investigators",305020.0,76790.0,BLS OEWS 2024
13-1032,"Insurance Appraisers, Auto Damage",7790.0,76650.0,BLS OEWS 2024
13-1041,Compliance Officers,397770.0,78420.0,BLS OEWS 2024
13-1051,Cost Estimators,219530.0,77070.0,BLS OEWS 2024
13-1070,Human Resources Workers,982460.0,74220.0,BLS OEWS 2024
13-1071,Human Resources Specialists,917460.0,72910.0,BLS OEWS 2024
13-1074,Farm Labor Contractors,410.0,48690.0,BLS OEWS 2024
13-1075,Labor Relations Specialists,64590.0,93500.0,BLS OEWS 2024
13-1080,Logisticians and Project Management Specialists,1241800.0,98070.0,BLS OEWS 2024
13-1081,Logisticians,235640.0,80880.0,BLS OEWS 2024
13-1082,Project Management Specialists,1006160.0,100750.0,BLS OEWS 2024
13-1111,Management Analysts,893900.0,101190.0,BLS OEWS 2024
13-1121,"Meeting, Convention, and Event Planners",134670.0,59440.0,BLS OEWS 2024
13-1131,Fundraisers,105930.0,66490.0,BLS OEWS 2024
13-1141,"Compensation, Benefits, and Job Analysis Specialists",102370.0,77020.0,BLS OEWS 2024
13-1151,Training and Development Specialists,436610.0,65850.0,BLS OEWS 2024
13-1161,Market Research Analysts and Marketing Specialists,861140.0,76950.0,BLS OEWS 2024
13-1199,"Business Operations Specialists, All Other",1128200.0,81270.0,BLS OEWS 2024
13-2000,Financial Specialists,3033120.0,82140.0,BLS OEWS 2024
13-2011,Accountants and Auditors,1448290.0,81680.0,BLS OEWS 2024
13-2020,Property Appraisers and Assessors,59070.0,65420.0,BLS OEWS 2024
13-2031,Budget Analysts,47170.0,87930.0,BLS OEWS 2024
13-2041,Credit Analysts,67370.0,80970.0,BLS OEWS 2024
13-2050,Financial Analysts and Advisors,775200.0,99990.0,BLS OEWS 2024
13-2051,Financial and Investment Analysts,340580.0,101350.0,BLS OEWS 2024
13-2052,Personal Financial Advisors,270480.0,102140.0,BLS OEWS 2024
13-2053,Insurance Underwriters,107820.0,79880.0,BLS OEWS 2024
13-2054,Financial Risk Specialists,56320.0,106000.0,BLS OEWS 2024
13-2061,Financial Examiners,62830.0,90400.0,BLS OEWS 2024
13-2070,Credit Counselors and Loan Officers,318640.0,69040.0,BLS OEWS 2024
13-2071,Credit Counselors,28110.0,50480.0,BLS OEWS 2024
13-2072,Loan Officers,290530.0,74180.0,BLS OEWS 2024
13-2080,"Tax Examiners, Collectors and Preparers, and Revenue Agents",127100.0,56160.0,BLS OEWS 2024
13-2081,"Tax Examiners and Collectors, and Revenue Agents",53530.0,59740.0,BLS OEWS 2024
13-2082,Tax Preparers,73570.0,50560.0,BLS OEWS 2024
13-2099,"Financial Specialists, All Other",127450.0,80190.0,BLS OEWS 2024
15-1200,Computer Occupations,4786660.0,105990.0,BLS OEWS 2024
15-1210,Computer and Information Analysts,677230.0,106890.0,BLS OEWS 2024
15-1211,Computer Systems Analysts,497800.0,103790.0,BLS OEWS 2024
15-1212,Information Security Analysts,179430.0,124910.0,BLS OEWS 2024
15-1221,Computer and Information Research Scientists,38480.0,140910.0,BLS OEWS 2024
15-1230,Computer Support Specialists,843660.0,61550.0,BLS OEWS 2024
15-1231,Computer Network Support Specialists,146450.0,73340.0,BLS OEWS 2024
15-1232,Computer User Support Specialists,697210.0,60340.0,BLS OEWS 2024
15-1240,Database and Network Administrators and Architects,633540.0,107480.0,BLS OEWS 2024
15-1241,Computer Network Architects,177010.0,130390.0,BLS OEWS 2024
15-1242,Database Administrators,73180.0,104620.0,BLS OEWS 2024
15-1243,Database Architects,64770.0,135980.0,BLS OEWS 2024
15-1244,Network and Computer Systems Administrators,318570.0,96800.0,BLS OEWS 2024
15-1250,"Software and Web Developers, Programmers, and Testers",2154370.0,129320.0,BLS OEWS 2024
15-1251,Computer Programmers,109870.0,98670.0,BLS OEWS 2024
15-1252,Software Developers,1654440.0,133080.0,BLS OEWS 2024
15-1253,Software Quality Assurance Analysts and Testers,199800.0,102610.0,BLS OEWS 2024
15-1254,Web Developers,78860.0,90930.0,BLS OEWS 2024
15-1255,Web and Digital Interface Designers,111400.0,98090.0,BLS OEWS 2024
15-1299,"Computer Occupations, All Other",439380.0,108970.0,BLS OEWS 2024
15-2000,Mathematical Science Occupations,406230.0,104620.0,BLS OEWS 2024
15-2011,Actuaries,28340.0,125770.0,BLS OEWS 2024
15-2021,Mathematicians,2220.0,121680.0,BLS OEWS 2024
15-2031,Operations Research Analysts,107760.0,91290.0,BLS OEWS 2024
15-2041,Statisticians,29800.0,103300.0,BLS OEWS 2024
15-2051,Data Scientists,233440.0,112590.0,BLS OEWS 2024
15-2099,"Mathematical Science Occupations, All Other",4660.0,71490.0,BLS OEWS 2024
17-1000,"Architects, Surveyors, and Cartographers",196590.0,82990.0,BLS OEWS 2024
17-1010,"Architects, Except Naval",130720.0,94010.0,BLS OEWS 2024
17-1011,"Architects, Except Landscape and Naval",111140.0,96690.0,BLS OEWS 2024
17-1012,Landscape Architects,19580.0,79660.0,BLS OEWS 2024
17-1020,"Surveyors, Cartographers, and Photogrammetrists",65870.0,74120.0,BLS OEWS 2024
17-1021,Cartographers and Photogrammetrists,12790.0,78380.0,BLS OEWS 2024
17-1022,Surveyors,53080.0,72740.0,BLS OEWS 2024
17-2000,Engineers,1746750.0,106070.0,BLS OEWS 2024
17-2011,Aerospace Engineers,68440.0,134830.0,BLS OEWS 2024
17-2021,Agricultural Engineers,1680.0,84630.0,BLS OEWS 2024
17-2031,Bioengineers and Biomedical Engineers,21860.0,106950.0,BLS OEWS 2024
17-2041,Chemical Engineers,20330.0,121860.0,BLS OEWS 2024
17-2051,Civil Engineers,355410.0,99590.0,BLS OEWS 2024
17-2061,Computer Hardware Engineers,75710.0,155020.0,BLS OEWS 2024
17-2070,Electrical and Electronics Engineers,282740.0,118780.0,BLS OEWS 2024
17-2071,Electrical Engineers,188790.0,111910.0,BLS OEWS 2024
17-2072,"Electronics Engineers, Except Computer",93940.0,127590.0,BLS OEWS 2024
17-2081,Environmental Engineers,37950.0,104170.0,BLS OEWS 2024
17-2110,"Industrial Engineers, Including Health and Safety",373440.0,101490.0,BLS OEWS 2024
17-2111,"Health and Safety Engineers, Except Mining Safety Engineers and Inspectors",23220.0,109660.0,BLS OEWS 2024
17-2112,Industrial Engineers,350230.0,101140.0,BLS OEWS 2024
17-2121,Marine Engineers and Naval Architects,8440.0,105670.0,BLS OEWS 2024
17-2131,Materials Engineers,22770.0,108310.0,BLS OEWS 2024
17-2141,Mechanical Engineers,286760.0,102320.0,BLS OEWS 2024
17-2151,"Mining and Geological Engineers, Including Mining Safety Engineers",6770.0,101020.0,BLS OEWS 2024
17-2161,Nuclear Engineers,14740.0,127520.0,BLS OEWS 2024
17-2171,Petroleum Engineers,18970.0,141280.0,BLS OEWS 2024
17-2199,"Engineers, All Other",150750.0,117750.0,BLS OEWS 2024
17-3000,"Drafters, Engineering Technicians, and Mapping Technicians",623870.0,66390.0,BLS OEWS 2024
17-3010,Drafters,185470.0,65380.0,BLS OEWS 2024
17-3011,Architectural and Civil Drafters,109550.0,64280.0,BLS OEWS 2024
17-3012,Electrical and Electronics Drafters,20020.0,73720.0,BLS OEWS 2024
17-3013,Mechanical Drafters,39900.0,68510.0,BLS OEWS 2024
17-3019,"Drafters, All Other",16010.0,62010.0,BLS OEWS 2024
17-3020,"Engineering Technologists and Technicians, Except Drafters",381680.0,70070.0,BLS OEWS 2024
17-3021,Aerospace Engineering and Operations Technologists and Technicians,9060.0,79830.0,BLS OEWS 2024
17-3022,Civil Engineering Technologists and Technicians,62130.0,64200.0,BLS OEWS 2024
17-3023,Electrical and Electronic Engineering Technologists and Technicians,92710.0,77180.0,BLS OEWS 2024
17-3024,Electro-Mechanical and Mechatronics Technologists and Technicians,14680.0,70760.0,BLS OEWS 2024
17-3025,Environmental Engineering Technologists and Technicians,12500.0,58890.0,BLS OEWS 2024
17-3026,Industrial Engineering Technologists and Technicians,73410.0,64790.0,BLS OEWS 2024
17-3027,Mechanical Engineering Technologists and Technicians,37450.0,68730.0,BLS OEWS 2024
17-3028,Calibration Technologists and Technicians,15320.0,65040.0,BLS OEWS 2024
17-3029,"Engineering Technologists and Technicians, Except Drafters, All Other",64410.0,77390.0,BLS OEWS 2024
17-3031,Surveying and Mapping Technicians,56720.0,51940.0,BLS OEWS 2024
19-1000,Life Scientists,374670.0,90500.0,BLS OEWS 2024
19-1010,Agricultural and Food Scientists,33440.0,78770.0,BLS OEWS 2024
19-1011,Animal Scientists,2470.0,79120.0,BLS OEWS 2024
19-1012,Food Scientists and Technologists,14370.0,85310.0,BLS OEWS 2024
19-1013,Soil and Plant Scientists,16600.0,71410.0,BLS OEWS 2024
19-1020,Biological Scientists,130910.0,93340.0,BLS OEWS 2024
19-1021,Biochemists and Biophysicists,34520.0,103650.0,BLS OEWS 2024
19-1022,Microbiologists,19760.0,87330.0,BLS OEWS 2024
19-1023,Zoologists and Wildlife Biologists,16920.0,72860.0,BLS OEWS 2024
19-1029,"Biological Scientists, All Other",59710.0,93330.0,BLS OEWS 2024
19-1030,Conservation Scientists and Foresters,35250.0,69060.0,BLS OEWS 2024
19-1031,Conservation Scientists,25590.0,67950.0,BLS OEWS 2024
19-1032,Foresters,9650.0,70660.0,BLS OEWS 2024
19-1040,Medical Scientists,167760.0,99770.0,BLS OEWS 2024
19-1041,Epidemiologists,11460.0,83980.0,BLS OEWS 2024
19-1042,"Medical Scientists, Except Epidemiologists",156300.0,100590.0,BLS OEWS 2024
19-1099,"Life Scientists, All Other",7320.0,87800.0,BLS OEWS 2024
19-2000,Physical Scientists,259000.0,92750.0,BLS OEWS 2024
19-2010,Astronomers and Physicists,22900.0,166290.0,BLS OEWS 2024
19-2011,Astronomers,1560.0,132170.0,BLS OEWS 2024
19-2012,Physicists,21340.0,166290.0,BLS OEWS 2024
19-2021,Atmospheric and Space Scientists,8780.0,97450.0,BLS OEWS 2024
19-2030,Chemists and Materials Scientists,91580.0,86620.0,BLS OEWS 2024
19-2031,Chemists,83250.0,84150.0,BLS OEWS 2024
19-2032,Materials Scientists,8330.0,104160.0,BLS OEWS 2024
19-2040,Environmental Scientists and Geoscientists,113160.0,82660.0,BLS OEWS 2024
19-2041,"Environmental Scientists and Specialists, Including Health",84930.0,80060.0,BLS OEWS 2024
19-2042,"Geoscientists, Except Hydrologists and Geographers",22510.0,99240.0,BLS OEWS 2024
19-2043,Hydrologists,5720.0,92060.0,BLS OEWS 2024
19-2099,"Physical Scientists, All Other",22580.0,117960.0,BLS OEWS 2024
19-3000,Social Scientists and Related Workers,279960.0,92900.0,BLS OEWS 2024
19-3011,Economists,15880.0,115440.0,BLS OEWS 2024
19-3022,Survey Researchers,7720.0,63380.0,BLS OEWS 2024
19-3030,Psychologists,154860.0,94310.0,BLS OEWS 2024
19-3032,Industrial-Organizational Psychologists,1050.0,109840.0,BLS OEWS 2024
19-3033,Clinical and Counseling Psychologists,72190.0,95830.0,BLS OEWS 2024
19-3034,School Psychologists,63830.0,86930.0,BLS OEWS 2024
19-3039,"Psychologists, All Other",17790.0,117580.0,BLS OEWS 2024
19-3041,Sociologists,2950.0,101690.0,BLS OEWS 2024
19-3051,Urban and Regional Planners,43040.0,83720.0,BLS OEWS 2024
19-3090,Miscellaneous Social Scientists and Related Workers,55510.0,96660.0,BLS OEWS 2024
19-3091,Anthropologists and Archeologists,8070.0,64910.0,BLS OEWS 2024
19-3092,Geographers,1380.0,97200.0,BLS OEWS 2024
19-3093,Historians,3140.0,74050.0,BLS OEWS 2024
19-3094,Political Scientists,5950.0,139380.0,BLS OEWS 2024
19-3099,"Social Scientists and Related Workers, All Other",36970.0,100340.0,BLS OEWS 2024
19-4000,"Life, Physical, and Social Science Technicians",373260.0,55810.0,BLS OEWS 2024
19-4010,Agricultural and Food Science Technicians,28550.0,48480.0,BLS OEWS 2024
19-4012,Agricultural Technicians,14340.0,46790.0,BLS OEWS 2024
19-4013,Food Science Technicians,14200.0,49430.0,BLS OEWS 2024
19-4021,Biological Technicians,76190.0,52000.0,BLS OEWS 2024
19-4031,Chemical Technicians,55640.0,57790.0,BLS OEWS 2024
19-4040,Environmental Science and Geoscience Technicians,52030.0,49690.0,BLS OEWS 2024
19-4042,"Environmental Science and Protection Technicians, Including Health",39390.0,49490.0,BLS OEWS 2024
19-4043,"Geological Technicians, Except Hydrologic Technicians",9710.0,48390.0,BLS OEWS 2024
19-4044,Hydrologic Technicians,2940.0,58570.0,BLS OEWS 2024
19-4051,Nuclear Technicians,5990.0,104240.0,BLS OEWS 2024
19-4061,Social Science Research Assistants,32940.0,58040.0,BLS OEWS 2024
19-4071,Forest and Conservation Technicians,31080.0,54310.0,BLS OEWS 2024
19-4090,"Miscellaneous Life, Physical, and Social Science Technicians",90840.0,61570.0,BLS OEWS 2024
19-4092,Forensic Science Technicians,19450.0,67440.0,BLS OEWS 2024
19-4099,"Life, Physical, and Social Science Technicians, All Other",71400.0,60130.0,BLS OEWS 2024
19-5010,Occupational Health and Safety Specialists and Technicians,159880.0,78900.0,BLS OEWS 2024
19-5011,Occupational Health and Safety Specialists,128430.0,83910.0,BLS OEWS 2024
19-5012,Occupational Health and Safety Technicians,31450.0,58440.0,BLS OEWS 2024
21-1000,"Counselors, Social Workers, and Other Community and Social Service Specialists",2477920.0,57480.0,BLS OEWS 2024
21-1010,Counselors,970870.0,60200.0,BLS OEWS 2024
21-1012,"Educational, Guidance, and Career Counselors and Advisors",342350.0,65140.0,BLS OEWS 2024
21-1013,Marriage and Family Therapists,65870.0,63780.0,BLS OEWS 2024
21-1015,Rehabilitation Counselors,88930.0,46110.0,BLS OEWS 2024
21-1018,"Substance abuse, behavioral disorder, and mental health counselors",440380.0,59190.0,BLS OEWS 2024
21-1019,"Counselors, All Other",33340.0,49830.0,BLS OEWS 2024
21-1020,Social Workers,759740.0,61330.0,BLS OEWS 2024
21-1021,"Child, Family, and School Social Workers",382960.0,58570.0,BLS OEWS 2024
21-1022,Healthcare Social Workers,185940.0,68090.0,BLS OEWS 2024
21-1023,Mental Health and Substance Abuse Social Workers,125910.0,60060.0,BLS OEWS 2024
21-1029,"Social Workers, All Other",64940.0,69480.0,BLS OEWS 2024
21-1090,Miscellaneous Community and Social Service Specialists,747300.0,48790.0,BLS OEWS 2024
21-1091,Health Education Specialists,65150.0,63000.0,BLS OEWS 2024
21-1092,Probation Officers and Correctional Treatment Specialists,86820.0,64520.0,BLS OEWS 2024
21-1093,Social and Human Service Assistants,424220.0,45120.0,BLS OEWS 2024
21-1094,Community Health Workers,60730.0,51030.0,BLS OEWS 2024
21-1099,"Community and Social Service Specialists, All Other",110390.0,54940.0,BLS OEWS 2024
21-2000,Religious Workers,91710.0,58570.0,BLS OEWS 2024
21-2011,Clergy,58080.0,60820.0,BLS OEWS 2024
21-2021,"Directors, Religious Activities and Education",21460.0,54840.0,BLS OEWS 2024
21-2099,"Religious Workers, All Other",12170.0,45120.0,BLS OEWS 2024
23-1000,"Lawyers, Judges, and Related Workers",810640.0,144040.0,BLS OEWS 2024
23-1010,Lawyers and Judicial Law Clerks,760970.0,148600.0,BLS OEWS 2024
23-1011,Lawyers,747750.0,151160.0,BLS OEWS 2024
23-1012,Judicial Law Clerks,13220.0,60400.0,BLS OEWS 2024
23-1020,"Judges, Magistrates, and Other Judicial Workers",49670.0,123220.0,BLS OEWS 2024
23-1021,"Administrative Law Judges, Adjudicators, and Hearing Officers",16230.0,115230.0,BLS OEWS 2024
23-1022,"Arbitrators, Mediators, and Conciliators",7860.0,67710.0,BLS OEWS 2024
23-1023,"Judges, Magistrate Judges, and Magistrates",25580.0,156210.0,BLS OEWS 2024
23-2000,Legal Support Workers,462770.0,60930.0,BLS OEWS 2024
23-2011,Paralegals and Legal Assistants,367220.0,61010.0,BLS OEWS 2024
23-2090,Miscellaneous Legal Support Workers,95550.0,60550.0,BLS OEWS 2024
23-2093,"Title Examiners, Abstractors, and Searchers",48170.0,54980.0,BLS OEWS 2024
23-2099,"Legal Support Workers, All Other",47380.0,68760.0,BLS OEWS 2024
25-1000,Postsecondary Teachers,1396300.0,81600.0,BLS OEWS 2024
25-1011,"Business Teachers, Postsecondary",81780.0,97270.0,BLS OEWS 2024
25-1020,"Math and Computer Science Teachers, Postsecondary",85060.0,82390.0,BLS OEWS 2024
25-1021,"Computer Science Teachers, Postsecondary",36240.0,96690.0,BLS OEWS 2024
25-1022,"Mathematical Science Teachers, Postsecondary",48820.0,79350.0,BLS OEWS 2024
25-1030,"Engineering and Architecture Teachers, Postsecondary",49030.0,105690.0,BLS OEWS 2024
25-1031,"Architecture Teachers, Postsecondary",9120.0,101480.0,BLS OEWS 2024
25-1032,"Engineering Teachers, Postsecondary",39910.0,106120.0,BLS OEWS 2024
25-1040,"Life Sciences Teachers, Postsecondary",63270.0,83920.0,BLS OEWS 2024
25-1041,"Agricultural Sciences Teachers, Postsecondary",8700.0,86350.0,BLS OEWS 2024
25-1042,"Biological Science Teachers, Postsecondary",53250.0,83460.0,BLS OEWS 2024
25-1043,"Forestry and Conservation Science Teachers, Postsecondary",1310.0,100830.0,BLS OEWS 2024
25-1050,"Physical Sciences Teachers, Postsecondary",52580.0,95520.0,BLS OEWS 2024
25-1051,"Atmospheric, Earth, Marine, and Space Sciences Teachers, Postsecondary",11480.0,101390.0,BLS OEWS 2024
25-1052,"Chemistry Teachers, Postsecondary",20390.0,86220.0,BLS OEWS 2024
25-1053,"Environmental Science Teachers, Postsecondary",7130.0,87710.0,BLS OEWS 2024
25-1054,"Physics Teachers, Postsecondary",13590.0,97360.0,BLS OEWS 2024
25-1060,"Social Sciences Teachers, Postsecondary",121090.0,83360.0,BLS OEWS 2024
25-1061,"Anthropology and Archeology Teachers, Postsecondary",5260.0,95770.0,BLS OEWS 2024
25-1062,"Area, Ethnic, and Cultural Studies Teachers, Postsecondary",11430.0,84290.0,BLS OEWS 2024
25-1063,"Economics Teachers, Postsecondary",12420.0,119980.0,BLS OEWS 2024
25-1064,"Geography Teachers, Postsecondary",3290.0,86730.0,BLS OEWS 2024
25-1065,"Political Science Teachers, Postsecondary",17170.0,94680.0,BLS OEWS 2024
25-1066,"Psychology Teachers, Postsecondary",41610.0,80330.0,BLS OEWS 2024
25-1067,"Sociology Teachers, Postsecondary",12380.0,82540.0,BLS OEWS 2024
25-1069,"Social Sciences Teachers, Postsecondary, All Other",17540.0,75040.0,BLS OEWS 2024
25-1070,"Health Teachers, Postsecondary",303970.0,100370.0,BLS OEWS 2024
25-1071,"Health Specialties Teachers, Postsecondary",229720.0,105620.0,BLS OEWS 2024
25-1072,"Nursing Instructors and Teachers, Postsecondary",74250.0,79940.0,BLS OEWS 2024
25-1080,"Education and Library Science Teachers, Postsecondary",63190.0,73050.0,BLS OEWS 2024
25-1081,"Education Teachers, Postsecondary",59090.0,72090.0,BLS OEWS 2024
25-1082,"Library Science Teachers, Postsecondary",4100.0,78630.0,BLS OEWS 2024
25-1110,"Law, Criminal Justice, and Social Work Teachers, Postsecondary",49710.0,87870.0,BLS OEWS 2024
25-1111,"Criminal Justice and Law Enforcement Teachers, Postsecondary",13560.0,71470.0,BLS OEWS 2024
25-1112,"Law Teachers, Postsecondary",22800.0,126650.0,BLS OEWS 2024
25-1113,"Social Work Teachers, Postsecondary",13350.0,76210.0,BLS OEWS 2024
25-1120,"Arts, Communications, History, and Humanities Teachers, Postsecondary",248620.0,79060.0,BLS OEWS 2024
25-1121,"Art, Drama, and Music Teachers, Postsecondary",97890.0,80190.0,BLS OEWS 2024
25-1122,"Communications Teachers, Postsecondary",29260.0,77800.0,BLS OEWS 2024
25-1123,"English Language and Literature Teachers, Postsecondary",59590.0,78270.0,BLS OEWS 2024
25-1124,"Foreign Language and Literature Teachers, Postsecondary",21170.0,77010.0,BLS OEWS 2024
25-1125,"History Teachers, Postsecondary",19860.0,81500.0,BLS OEWS 2024
25-1126,"Philosophy and Religion Teachers, Postsecondary",20840.0,78050.0,BLS OEWS 2024
25-1190,Miscellaneous Postsecondary Teachers,278000.0,68800.0,BLS OEWS 2024
25-1192,"Family and Consumer Sciences Teachers, Postsecondary",2630.0,77280.0,BLS OEWS 2024
25-1193,"Recreation and Fitness Studies Teachers, Postsecondary",12680.0,75890.0,BLS OEWS 2024
25-1194,"Career/Technical Education Teachers, Postsecondary",111150.0,61490.0,BLS OEWS 2024
25-1199,"Postsecondary Teachers, All Other",151530.0,78490.0,BLS OEWS 2024
25-2000,"Preschool, Elementary, Middle, Secondary, and Special Education Teachers",4321590.0,61960.0,BLS OEWS 2024
25-2010,Preschool and Kindergarten Teachers,559490.0,40090.0,BLS OEWS 2024
25-2011,"Preschool Teachers, Except Special Education",445080.0,37120.0,BLS OEWS 2024
25-2012,"Kindergarten Teachers, Except Special Education",114410.0,61430.0,BLS OEWS 2024
25-2020,Elementary and Middle School Teachers,2027880.0,62500.0,BLS OEWS 2024
25-2021,"Elementary School Teachers, Except Special Education",1393310.0,62340.0,BLS OEWS 2024
25-2022,"Middle School Teachers, Except Special and Career/Technical Education",620370.0,62970.0,BLS OEWS 2024
25-2023,"Career/Technical Education Teachers, Middle School",14200.0,63620.0,BLS OEWS 2024
25-2030,Secondary School Teachers,1176990.0,64530.0,BLS OEWS 2024
25-2031,"Secondary School Teachers, Except Special and Career/Technical Education",1072540.0,64580.0,BLS OEWS 2024
25-2032,"Career/Technical Education Teachers, Secondary School",104450.0,63910.0,BLS OEWS 2024
25-2050,Special Education Teachers,557240.0,64270.0,BLS OEWS 2024
25-2051,"Special Education Teachers, Preschool",28200.0,62190.0,BLS OEWS 2024
25-2052,"Special Education Teachers, Kindergarten and Elementary School",231570.0,63000.0,BLS OEWS 2024
25-2057,"Special Education Teachers, Middle School",95330.0,64880.0,BLS OEWS 2024
25-2058,"Special Education Teachers, Secondary School",162780.0,69590.0,BLS OEWS 2024
25-2059,"Special Education Teachers, All Other",39350.0,67430.0,BLS OEWS 2024
25-3000,Other Teachers and Instructors,1125750.0,44220.0,BLS OEWS 2024
25-3011,"Adult Basic Education, Adult Secondary Education, and English as a Second Language Instructors",36260.0,59950.0,BLS OEWS 2024
25-3021,Self-Enrichment Teachers,308520.0,45590.0,BLS OEWS 2024
25-3031,"Substitute Teachers, Short-Term",481300.0,38470.0,BLS OEWS 2024
25-3041,Tutors,174660.0,40090.0,BLS OEWS 2024
25-3099,"Teachers and Instructors, All Other",125010.0,64690.0,BLS OEWS 2024
25-4000,"Librarians, Curators, and Archivists",238010.0,57100.0,BLS OEWS 2024
25-4010,"Archivists, Curators, and Museum Technicians",32400.0,57100.0,BLS OEWS 2024
25-4011,Archivists,7050.0,61570.0,BLS OEWS 2024
25-4012,Curators,12280.0,61770.0,BLS OEWS 2024
25-4013,Museum Technicians and Conservators,13070.0,47460.0,BLS OEWS 2024
25-4022,Librarians and Media Collections Specialists,131830.0,64320.0,BLS OEWS 2024
25-4031,Library Technicians,73770.0,39970.0,BLS OEWS 2024
25-9000,Other Educational Instruction and Library Occupations,1866060.0,36690.0,BLS OEWS 2024
25-9021,Farm and Home Management Educators,10260.0,58120.0,BLS OEWS 2024
25-9031,Instructional Coordinators,210850.0,74720.0,BLS OEWS 2024
25-9040,Teaching Assistants,1530310.0,35550.0,BLS OEWS 2024
25-9044,"Teaching Assistants, Postsecondary",155010.0,44930.0,BLS OEWS 2024
25-9045,"Teaching Assistants, Except Postsecondary",1375300.0,35240.0,BLS OEWS 2024
25-9099,"Educational Instruction and Library Workers, All Other",114640.0,48400.0,BLS OEWS 2024
27-1000,Art and Design Workers,681550.0,53180.0,BLS OEWS 2024
27-1010,Artists and Related Workers,93390.0,99060.0,BLS OEWS 2024
27-1011,Art Directors,50370.0,111040.0,BLS OEWS 2024
27-1012,Craft Artists,4370.0,38480.0,BLS OEWS 2024
27-1013,"Fine Artists, Including Painters, Sculptors, and Illustrators",10000.0,60560.0,BLS OEWS 2024
27-1014,Special Effects Artists and Animators,21280.0,99800.0,BLS OEWS 2024
27-1019,"Artists and Related Workers, All Other",7370.0,72760.0,BLS OEWS 2024
27-1020,Designers,588160.0,49020.0,BLS OEWS 2024
27-1021,Commercial and Industrial Designers,30250.0,79450.0,BLS OEWS 2024
27-1022,Fashion Designers,20910.0,80690.0,BLS OEWS 2024
27-1023,Floral Designers,40160.0,36120.0,BLS OEWS 2024
27-1024,Graphic Designers,214260.0,61300.0,BLS OEWS 2024
27-1025,Interior Designers,69580.0,63490.0,BLS OEWS 2024
27-1026,Merchandise Displayers and Window Trimmers,192480.0,37350.0,BLS OEWS 2024
27-1027,Set and Exhibit Designers,10850.0,66280.0,BLS OEWS 2024
27-1029,"Designers, All Other",9680.0,66220.0,BLS OEWS 2024
27-2000,"Entertainers and Performers, Sports and Related Workers",550830.0,54870.0,BLS OEWS 2024
27-2010,"Actors, Producers, and Directors",184070.0,78000.0,BLS OEWS 2024
27-2011,Actors,38800.0,,BLS OEWS 2024
27-2012,Producers and Directors,145270.0,83480.0,BLS OEWS 2024
27-2020,"Athletes, Coaches, Umpires, and Related Workers",280390.0,45920.0,BLS OEWS 2024
27-2021,Athletes and Sports Competitors,14370.0,62360.0,BLS OEWS 2024
27-2022,Coaches and Scouts,250940.0,45920.0,BLS OEWS 2024
27-2023,"Umpires, Referees, and Other Sports Officials",15080.0,38820.0,BLS OEWS 2024
27-2030,Dancers and Choreographers,12490.0,51020.0,BLS OEWS 2024
27-2031,Dancers,9060.0,,BLS OEWS 2024
27-2032,Choreographers,3430.0,55600.0,BLS OEWS 2024
27-2040,"Musicians, Singers, and Related Workers",50680.0,,BLS OEWS 2024
27-2041,Music Directors and Composers,12330.0,63670.0,BLS OEWS 2024
27-2042,Musicians and Singers,38350.0,,BLS OEWS 2024
27-2090,"Miscellaneous Entertainers and Performers, Sports and Related Workers",23210.0,,BLS OEWS 2024
27-2091,"Disc Jockeys, Except Radio",8170.0,,BLS OEWS 2024
27-2099,"Entertainers and Performers, Sports and Related Workers, All Other",15040.0,,BLS OEWS 2024
27-3000,Media and Communication Workers,634400.0,70300.0,BLS OEWS 2024
27-3011,Broadcast Announcers and Radio Disc Jockeys,23880.0,45680.0,BLS OEWS 2024
27-3023,"News Analysts, Reporters, and Journalists",41550.0,60280.0,BLS OEWS 2024
27-3031,Public Relations Specialists,280590.0,69780.0,BLS OEWS 2024
27-3040,Writers and Editors,198810.0,78100.0,BLS OEWS 2024
27-3041,Editors,95480.0,75260.0,BLS OEWS 2024
27-3042,Technical Writers,55530.0,91670.0,BLS OEWS 2024
27-3043,Writers and Authors,47800.0,72270.0,BLS OEWS 2024
27-3090,Miscellaneous Media and Communication Workers,89580.0,62500.0,BLS OEWS 2024
27-3091,Interpreters and Translators,53360.0,59440.0,BLS OEWS 2024
27-3092,Court Reporters and Simultaneous Captioners,12630.0,67310.0,BLS OEWS 2024
27-3099,"Media and Communication Workers, All Other",23590.0,71770.0,BLS OEWS 2024
27-4000,Media and Communication Equipment Workers,231910.0,56480.0,BLS OEWS 2024
27-4010,"Broadcast, Sound, and Lighting Technicians",114340.0,56600.0,BLS OEWS 2024
27-4011,Audio and Video Technicians,70080.0,54830.0,BLS OEWS 2024
27-4012,Broadcast Technicians,21080.0,53920.0,BLS OEWS 2024
27-4014,Sound Engineering Technicians,13050.0,66430.0,BLS OEWS 2024
27-4015,Lighting Technicians,10130.0,60560.0,BLS OEWS 2024
27-4021,Photographers,51230.0,42520.0,BLS OEWS 2024
27-4030,"Television, Video, and Film Camera Operators and Editors",53330.0,70570.0,BLS OEWS 2024
27-4031,"Camera Operators, Television, Video, and Film",24460.0,68810.0,BLS OEWS 2024
27-4032,Film and Video Editors,28860.0,70980.0,BLS OEWS 2024
27-4099,"Media and Communication Equipment Workers, All Other",13020.0,67190.0,BLS OEWS 2024
29-1000,Healthcare Diagnosing or Treating Practitioners,6338160.0,101370.0,BLS OEWS 2024
29-1011,Chiropractors,37630.0,79000.0,BLS OEWS 2024
29-1020,Dentists,130620.0,179210.0,BLS OEWS 2024
29-1021,"Dentists, General",113490.0,172790.0,BLS OEWS 2024
29-1022,Oral and Maxillofacial Surgeons,5330.0,,BLS OEWS 2024
29-1023,Orthodontists,5150.0,,BLS OEWS 2024
29-1024,Prosthodontists,760.0,,BLS OEWS 2024
29-1029,"Dentists, All Other Specialists",5900.0,225770.0,BLS OEWS 2024
29-1031,Dietitians and Nutritionists,76570.0,73850.0,BLS OEWS 2024
29-1041,Optometrists,41890.0,134830.0,BLS OEWS 2024
29-1051,Pharmacists,328870.0,137480.0,BLS OEWS 2024
29-1071,Physician Assistants,155540.0,133260.0,BLS OEWS 2024
29-1081,Podiatrists,9520.0,152800.0,BLS OEWS 2024
29-1120,Therapists,777300.0,95010.0,BLS OEWS 2024
29-1122,Occupational Therapists,152280.0,98340.0,BLS OEWS 2024
29-1123,Physical Therapists,248630.0,101020.0,BLS OEWS 2024
29-1124,Radiation Therapists,18700.0,101990.0,BLS OEWS 2024
29-1125,Recreational Therapists,15060.0,60280.0,BLS OEWS 2024
29-1126,Respiratory Therapists,136420.0,80450.0,BLS OEWS 2024
29-1127,Speech-Language Pathologists,178790.0,95410.0,BLS OEWS 2024
29-1128,Exercise Physiologists,8110.0,58160.0,BLS OEWS 2024
29-1129,"Therapists, All Other",19320.0,65010.0,BLS OEWS 2024
29-1131,Veterinarians,80630.0,125510.0,BLS OEWS 2024
29-1141,Registered Nurses,3282010.0,93600.0,BLS OEWS 2024
29-1151,Nurse Anesthetists,50350.0,223210.0,BLS OEWS 2024
29-1161,Nurse Midwives,8280.0,128790.0,BLS OEWS 2024
29-1171,Nurse Practitioners,307390.0,129210.0,BLS OEWS 2024
29-1181,Audiologists,14730.0,92120.0,BLS OEWS 2024
29-1210,Physicians,727050.0,,BLS OEWS 2024
29-1211,Anesthesiologists,41890.0,,BLS OEWS 2024
29-1212,Cardiologists,18020.0,,BLS OEWS 2024
29-1213,Dermatologists,10080.0,,BLS OEWS 2024
29-1214,Emergency Medicine Physicians,33680.0,,BLS OEWS 2024
29-1215,Family Medicine Physicians,107950.0,238380.0,BLS OEWS 2024
29-1216,General Internal Medicine Physicians,66640.0,236350.0,BLS OEWS 2024
29-1217,Neurologists,7700.0,,BLS OEWS 2024
29-1218,Obstetricians and Gynecologists,19900.0,,BLS OEWS 2024
29-1221,"Pediatricians, General",42960.0,210130.0,BLS OEWS 2024
29-1222,"Physicians, Pathologists",11800.0,,BLS OEWS 2024
29-1223,Psychiatrists,24800.0,,BLS OEWS 2024
29-1224,Radiologists,26290.0,,BLS OEWS 2024
29-1229,"Physicians, All Other",315360.0,,BLS OEWS 2024
29-1240,Surgeons,51400.0,,BLS OEWS 2024
29-1241,"Ophthalmologists, Except Pediatric",12110.0,,BLS OEWS 2024
29-1242,"Orthopedic Surgeons, Except Pediatric",14160.0,,BLS OEWS 2024
29-1243,Pediatric Surgeons,1050.0,,BLS OEWS 2024
29-1249,"Surgeons, All Other",24080.0,,BLS OEWS 2024
29-1290,Miscellaneous Healthcare Diagnosing or Treating Practitioners,258380.0,94920.0,BLS OEWS 2024
29-1291,Acupuncturists,8440.0,78140.0,BLS OEWS 2024
29-1292,Dental Hygienists,219070.0,94260.0,BLS OEWS 2024
29-1299,"Healthcare Diagnosing or Treating Practitioners, All Other",30870.0,113730.0,BLS OEWS 2024
29-2000,Health Technologists and Technicians,3124620.0,54270.0,BLS OEWS 2024
29-2010,Clinical Laboratory Technologists and Technicians,343040.0,61890.0,BLS OEWS 2024
29-2030,Diagnostic Related Technologists and Technicians,433560.0,80660.0,BLS OEWS 2024
29-2031,Cardiovascular Technologists and Technicians,61180.0,67260.0,BLS OEWS 2024
29-2032,Diagnostic Medical Sonographers,86460.0,89340.0,BLS OEWS 2024
29-2033,Nuclear Medicine Technologists,16960.0,97020.0,BLS OEWS 2024
29-2034,Radiologic Technologists and Technicians,223460.0,77660.0,BLS OEWS 2024
29-2035,Magnetic Resonance Imaging Technologists,41530.0,88180.0,BLS OEWS 2024
29-2036,Medical Dosimetrists,3970.0,138110.0,BLS OEWS 2024
29-2040,Emergency Medical Technicians and Paramedics,277520.0,46350.0,BLS OEWS 2024
29-2042,Emergency Medical Technicians,177980.0,41340.0,BLS OEWS 2024
29-2043,Paramedics,99530.0,58410.0,BLS OEWS 2024
29-2050,Health Practitioner Support Technologists and Technicians,975890.0,45010.0,BLS OEWS 2024
29-2051,Dietetic Technicians,29950.0,37040.0,BLS OEWS 2024
29-2052,Pharmacy Technicians,487920.0,43460.0,BLS OEWS 2024
29-2053,Psychiatric Technicians,136300.0,42590.0,BLS OEWS 2024
29-2055,Surgical Technologists,113890.0,62830.0,BLS OEWS 2024
29-2056,Veterinary Technologists and Technicians,131320.0,45980.0,BLS OEWS 2024
29-2057,Ophthalmic Medical Technicians,76520.0,44080.0,BLS OEWS 2024
29-2061,Licensed Practical and Licensed Vocational Nurses,632430.0,62340.0,BLS OEWS 2024
29-2072,Medical Records Specialists,187910.0,50250.0,BLS OEWS 2024
29-2081,"Opticians, Dispensing",79690.0,46560.0,BLS OEWS 2024
29-2090,Miscellaneous Health Technologists and Technicians,194570.0,49600.0,BLS OEWS 2024
29-2091,Orthotists and Prosthetists,9930.0,78310.0,BLS OEWS 2024
29-2092,Hearing Aid Specialists,10580.0,61560.0,BLS OEWS 2024
29-2099,"Health Technologists and Technicians, All Other",174060.0,48790.0,BLS OEWS 2024
29-9000,Other Healthcare Practitioners and Technical Occupations,129910.0,62820.0,BLS OEWS 2024
29-9021,Health Information Technologists and Medical Registrars,37620.0,67310.0,BLS OEWS 2024
29-9090,Miscellaneous Health Practitioners and Technical Workers,92290.0,61890.0,BLS OEWS 2024
29-9091,Athletic Trainers,28950.0,60250.0,BLS OEWS 2024
29-9092,Genetic Counselors,3510.0,98910.0,BLS OEWS 2024
29-9093,Surgical Assistants,22860.0,60290.0,BLS OEWS 2024
29-9099,"Healthcare Practitioners and Technical Workers, All Other",36970.0,64030.0,BLS OEWS 2024
31-1100,"Home Health and Personal Care Aides; and Nursing Assistants, Orderlies, and Psychiatric Aides",5464490.0,35940.0,BLS OEWS 2024
31-1120,Home Health and Personal Care Aides,3988140.0,34900.0,BLS OEWS 2024
31-1130,"Nursing Assistants, Orderlies, and Psychiatric Aides",1476350.0,39470.0,BLS OEWS 2024
31-1131,Nursing Assistants,1388430.0,39530.0,BLS OEWS 2024
31-1132,Orderlies,53020.0,37700.0,BLS OEWS 2024
31-1133,Psychiatric Aides,34900.0,41590.0,BLS OEWS 2024
31-2000,Occupational Therapy and Physical Therapist Assistants and Aides,204940.0,61730.0,BLS OEWS 2024
31-2010,Occupational Therapy Assistants and Aides,52910.0,66050.0,BLS OEWS 2024
31-2011,Occupational Therapy Assistants,47910.0,68340.0,BLS OEWS 2024
31-2012,Occupational Therapy Aides,5000.0,37370.0,BLS OEWS 2024
31-2020,Physical Therapist Assistants and Aides,152020.0,60050.0,BLS OEWS 2024
31-2021,Physical Therapist Assistants,108010.0,65510.0,BLS OEWS 2024
31-2022,Physical Therapist Aides,44010.0,34520.0,BLS OEWS 2024
31-9000,Other Healthcare Support Occupations,1778580.0,45000.0,BLS OEWS 2024
31-9011,Massage Therapists,96040.0,57950.0,BLS OEWS 2024
31-9090,Miscellaneous Healthcare Support Occupations,1682540.0,44720.0,BLS OEWS 2024
31-9091,Dental Assistants,375430.0,47300.0,BLS OEWS 2024
31-9092,Medical Assistants,793460.0,44200.0,BLS OEWS 2024
31-9093,Medical Equipment Preparers,72760.0,46490.0,BLS OEWS 2024
31-9094,Medical Transcriptionists,43070.0,37550.0,BLS OEWS 2024
31-9095,Pharmacy Aides,41100.0,37000.0,BLS OEWS 2024
31-9096,Veterinary Assistants and Laboratory Animal Caretakers,114190.0,37320.0,BLS OEWS 2024
31-9097,Phlebotomists,138880.0,43660.0,BLS OEWS 2024
31-9099,"Healthcare Support Workers, All Other",103650.0,46050.0,BLS OEWS 2024
33-1000,Supervisors of Protective Service Workers,390970.0,87050.0,BLS OEWS 2024
33-1010,First-Line Supervisors of Law Enforcement Workers,206520.0,99130.0,BLS OEWS 2024
33-1011,First-Line Supervisors of Correctional Officers,53390.0,76310.0,BLS OEWS 2024
33-1012,First-Line Supervisors of Police and Detectives,153130.0,105980.0,BLS OEWS 2024
33-1021,First-Line Supervisors of Firefighting and Prevention Workers,93680.0,92430.0,BLS OEWS 2024
33-1090,"Miscellaneous First-Line Supervisors, Protective Service Workers",90770.0,60190.0,BLS OEWS 2024
33-1091,First-Line Supervisors of Security Workers,70310.0,58610.0,BLS OEWS 2024
33-1099,"First-Line Supervisors of Protective Service Workers, All Other",20460.0,74960.0,BLS OEWS 2024
33-2000,Firefighting and Prevention Workers,349070.0,59870.0,BLS OEWS 2024
33-2011,Firefighters,332240.0,59530.0,BLS OEWS 2024
33-2020,Fire Inspectors,16830.0,75480.0,BLS OEWS 2024
33-2021,Fire Inspectors and Investigators,14050.0,78060.0,BLS OEWS 2024
33-2022,Forest Fire Inspectors and Prevention Specialists,2780.0,52380.0,BLS OEWS 2024
33-3000,Law Enforcement Workers,1177270.0,70530.0,BLS OEWS 2024
33-3010,"Bailiffs, Correctional Officers, and Jailers",382300.0,57950.0,BLS OEWS 2024
33-3011,Bailiffs,16910.0,57050.0,BLS OEWS 2024
33-3012,Correctional Officers and Jailers,365380.0,57970.0,BLS OEWS 2024
33-3021,Detectives and Criminal Investigators,110790.0,93580.0,BLS OEWS 2024
33-3031,Fish and Game Wardens,6420.0,68180.0,BLS OEWS 2024
33-3041,Parking Enforcement Workers,7770.0,47150.0,BLS OEWS 2024
33-3050,Police Officers,669990.0,76300.0,BLS OEWS 2024
33-3051,Police and Sheriff's Patrol Officers,666990.0,76290.0,BLS OEWS 2024
33-3052,Transit and Railroad Police,3000.0,82320.0,BLS OEWS 2024
33-9000,Other Protective Service Workers,1737600.0,38230.0,BLS OEWS 2024
33-9011,Animal Control Workers,11790.0,45830.0,BLS OEWS 2024
33-9021,Private Detectives and Investigators,38700.0,52370.0,BLS OEWS 2024
33-9030,Security Guards and Gambling Surveillance Officers,1251760.0,38390.0,BLS OEWS 2024
33-9031,Gaming Surveillance Officers and Gambling Investigators,10000.0,43900.0,BLS OEWS 2024
33-9032,Security Guards,1241770.0,38370.0,BLS OEWS 2024
33-9090,Miscellaneous Protective Service Workers,435360.0,37120.0,BLS OEWS 2024
33-9091,Crossing Guards and Flaggers,90180.0,37700.0,BLS OEWS 2024
33-9092,"Lifeguards, Ski Patrol, and Other Recreational Protective Service Workers",143590.0,33720.0,BLS OEWS 2024
33-9093,Transportation Security Screeners,46340.0,63360.0,BLS OEWS 2024
33-9094,School Bus Monitors,72140.0,34980.0,BLS OEWS 2024
33-9099,"Protective Service Workers, All Other",83110.0,41600.0,BLS OEWS 2024
35-1010,Supervisors of Food Preparation and Serving Workers,1369780.0,44140.0,BLS OEWS 2024
35-1011,Chefs and Head Cooks,182320.0,60990.0,BLS OEWS 2024
35-1012,First-Line Supervisors of Food Preparation and Serving Workers,1187460.0,42010.0,BLS OEWS 2024
35-2000,Cooks and Food Preparation Workers,3632290.0,35450.0,BLS OEWS 2024
35-2010,Cooks,2743520.0,35760.0,BLS OEWS 2024
35-2011,"Cooks, Fast Food",668230.0,30160.0,BLS OEWS 2024
35-2012,"Cooks, Institution and Cafeteria",448260.0,36450.0,BLS OEWS 2024
35-2013,"Cooks, Private Household",900.0,44530.0,BLS OEWS 2024
35-2014,"Cooks, Restaurant",1452130.0,36830.0,BLS OEWS 2024
35-2015,"Cooks, Short Order",150420.0,35620.0,BLS OEWS 2024
35-2019,"Cooks, All Other",23590.0,36210.0,BLS OEWS 2024
35-2021,Food Preparation Workers,888770.0,34220.0,BLS OEWS 2024
35-3000,Food and Beverage Serving Workers,7101010.0,31470.0,BLS OEWS 2024
35-3011,Bartenders,745610.0,33530.0,BLS OEWS 2024
35-3023,Fast Food and Counter Workers,3780930.0,30480.0,BLS OEWS 2024
35-3031,Waiters and Waitresses,2302690.0,33760.0,BLS OEWS 2024
35-3041,"Food Servers, Nonrestaurant",271780.0,34460.0,BLS OEWS 2024
35-9000,Other Food Preparation and Serving Related Workers,1510410.0,32680.0,BLS OEWS 2024
35-9011,Dining Room and Cafeteria Attendants and Bartender Helpers,522010.0,32670.0,BLS OEWS 2024
35-9021,Dishwashers,471670.0,33670.0,BLS OEWS 2024
35-9031,"Hosts and Hostesses, Restaurant, Lounge, and Coffee Shop",427150.0,30380.0,BLS OEWS 2024
35-9099,"Food Preparation and Serving Related Workers, All Other",89580.0,34830.0,BLS OEWS 2024
37-1010,First-Line Supervisors of Building and Grounds Cleaning and Maintenance Workers,298790.0,49990.0,BLS OEWS 2024
37-1011,First-Line Supervisors of Housekeeping and Janitorial Workers,174660.0,47520.0,BLS OEWS 2024
37-1012,"First-Line Supervisors of Landscaping, Lawn Service, and Groundskeeping Workers",124130.0,56170.0,BLS OEWS 2024
37-2000,Building Cleaning and Pest Control Workers,3167290.0,35750.0,BLS OEWS 2024
37-2010,Building Cleaning Workers,3071180.0,35630.0,BLS OEWS 2024
37-2011,"Janitors and Cleaners, Except Maids and Housekeeping Cleaners",2199900.0,35930.0,BLS OEWS 2024
37-2012,Maids and Housekeeping Cleaners,854910.0,34660.0,BLS OEWS 2024
37-2019,"Building Cleaning Workers, All Other",16370.0,42360.0,BLS OEWS 2024
37-2021,Pest Control Workers,96110.0,44730.0,BLS OEWS 2024
37-3010,Grounds Maintenance Workers,1030070.0,38470.0,BLS OEWS 2024
37-3011,Landscaping and Groundskeeping Workers,943430.0,38090.0,BLS OEWS 2024
37-3012,"Pesticide Handlers, Sprayers, and Applicators, Vegetation",25200.0,45200.0,BLS OEWS 2024
37-3013,Tree Trimmers and Pruners,47870.0,50430.0,BLS OEWS 2024
37-3019,"Grounds Maintenance Workers, All Other",13580.0,43410.0,BLS OEWS 2024
39-1000,Supervisors of Personal Care and Service Workers,225420.0,48050.0,BLS OEWS 2024
39-1010,First-Line Supervisors of Entertainment and Recreation Workers,118360.0,49100.0,BLS OEWS 2024
39-1013,First-Line Supervisors of Gambling Services Workers,25530.0,61590.0,BLS OEWS 2024
39-1014,"First-Line Supervisors of Entertainment and Recreation Workers, Except Gambling Services",92830.0,46900.0,BLS OEWS 2024
39-1022,First-Line Supervisors of Personal Service Workers,107060.0,47080.0,BLS OEWS 2024
39-2000,Animal Care and Service Workers,297420.0,33860.0,BLS OEWS 2024
39-2011,Animal Trainers,20110.0,38750.0,BLS OEWS 2024
39-2021,Animal Caretakers,277300.0,33470.0,BLS OEWS 2024
39-3000,Entertainment Attendants and Related Workers,627560.0,31200.0,BLS OEWS 2024
39-3010,Gambling Services Workers,105500.0,33280.0,BLS OEWS 2024
39-3011,Gambling Dealers,82980.0,33280.0,BLS OEWS 2024
39-3012,Gambling and Sports Book Writers and Runners,7600.0,30460.0,BLS OEWS 2024
39-3019,"Gambling Service Workers, All Other",14920.0,34530.0,BLS OEWS 2024
39-3021,Motion Picture Projectionists,1950.0,38180.0,BLS OEWS 2024
39-3031,"Ushers, Lobby Attendants, and Ticket Takers",119210.0,31150.0,BLS OEWS 2024
39-3090,Miscellaneous Entertainment Attendants and Related Workers,400900.0,31020.0,BLS OEWS 2024
39-3091,Amusement and Recreation Attendants,371590.0,30490.0,BLS OEWS 2024
39-3092,Costume Attendants,6290.0,54810.0,BLS OEWS 2024
39-3093,"Locker Room, Coatroom, and Dressing Room Attendants",14960.0,34800.0,BLS OEWS 2024
39-3099,"Entertainment Attendants and Related Workers, All Other",8060.0,34550.0,BLS OEWS 2024
39-4000,Funeral Service Workers,62630.0,39170.0,BLS OEWS 2024
39-4010,Embalmers and Crematory Operators,6360.0,48610.0,BLS OEWS 2024
39-4011,Embalmers,3420.0,56280.0,BLS OEWS 2024
39-4012,Crematory Operators,2950.0,42880.0,BLS OEWS 2024
39-4021,Funeral Attendants,30560.0,34610.0,BLS OEWS 2024
39-4031,"Morticians, Undertakers, and Funeral Arrangers",25700.0,49800.0,BLS OEWS 2024
39-5000,Personal Appearance Workers,543830.0,35310.0,BLS OEWS 2024
39-5010,"Barbers, Hairdressers, Hairstylists and Cosmetologists",313560.0,35420.0,BLS OEWS 2024
39-5011,Barbers,18100.0,38960.0,BLS OEWS 2024
39-5012,"Hairdressers, Hairstylists, and Cosmetologists",295460.0,35250.0,BLS OEWS 2024
39-5090,Miscellaneous Personal Appearance Workers,230270.0,35260.0,BLS OEWS 2024
39-5091,"Makeup Artists, Theatrical and Performance",3320.0,50280.0,BLS OEWS 2024
39-5092,Manicurists and Pedicurists,147820.0,34660.0,BLS OEWS 2024
39-5093,Shampooers,8890.0,31470.0,BLS OEWS 2024
39-5094,Skincare Specialists,70240.0,41560.0,BLS OEWS 2024
39-6010,"Baggage Porters, Bellhops, and Concierges",75430.0,36810.0,BLS OEWS 2024
39-6011,Baggage Porters and Bellhops,31220.0,36020.0,BLS OEWS 2024
39-6012,Concierges,44200.0,37320.0,BLS OEWS 2024
39-7010,Tour and Travel Guides,49010.0,36660.0,BLS OEWS 2024
39-9000,Other Personal Care and Service Workers,1278640.0,35550.0,BLS OEWS 2024
39-9011,Childcare Workers,520180.0,32050.0,BLS OEWS 2024
39-9030,Recreation and Fitness Workers,613260.0,37420.0,BLS OEWS 2024
39-9031,Exercise Trainers and Group Fitness Instructors,303620.0,46180.0,BLS OEWS 2024
39-9032,Recreation Workers,309640.0,35380.0,BLS OEWS 2024
39-9041,Residential Advisors,82810.0,39180.0,BLS OEWS 2024
39-9099,"Personal Care and Service Workers, All Other",62390.0,37900.0,BLS OEWS 2024
41-1010,First-Line Supervisors of Sales Workers,1332180.0,49510.0,BLS OEWS 2024
41-1011,First-Line Supervisors of Retail Sales Workers,1113160.0,47320.0,BLS OEWS 2024
41-1012,First-Line Supervisors of Non-Retail Sales Workers,219010.0,84130.0,BLS OEWS 2024
41-2000,Retail Sales Workers,7633890.0,33690.0,BLS OEWS 2024
41-2010,Cashiers,3169970.0,31200.0,BLS OEWS 2024
41-2011,Cashiers,3148030.0,31190.0,BLS OEWS 2024
41-2012,Gambling Change Persons and Booth Cashiers,21930.0,34810.0,BLS OEWS 2024
41-2020,Counter and Rental Clerks and Parts Salespersons,663680.0,38100.0,BLS OEWS 2024
41-2021,Counter and Rental Clerks,398620.0,38540.0,BLS OEWS 2024
41-2022,Parts Salespersons,265060.0,37440.0,BLS OEWS 2024
41-2031,Retail Salespersons,3800250.0,34580.0,BLS OEWS 2024
41-3000,"Sales Representatives, Services",2287740.0,64200.0,BLS OEWS 2024
41-3011,Advertising Sales Agents,97470.0,61460.0,BLS OEWS 2024
41-3021,Insurance Sales Agents,469480.0,60370.0,BLS OEWS 2024
41-3031,"Securities, Commodities, and Financial Services Sales Agents",472300.0,78140.0,BLS OEWS 2024
41-3041,Travel Agents,59150.0,48450.0,BLS OEWS 2024
41-3091,"Sales Representatives of Services, Except Advertising, Insurance, Financial Services, and Travel",1189330.0,66260.0,BLS OEWS 2024
41-4010,"Sales Representatives, Wholesale and Manufacturing",1560790.0,74100.0,BLS OEWS 2024
41-4011,"Sales Representatives, Wholesale and Manufacturing, Technical and Scientific Products",293930.0,100070.0,BLS OEWS 2024
41-4012,"Sales Representatives, Wholesale and Manufacturing, Except Technical and Scientific Products",1266860.0,66780.0,BLS OEWS 2024
41-9000,Other Sales and Related Workers,537090.0,49720.0,BLS OEWS 2024
41-9010,"Models, Demonstrators, and Product Promoters",70120.0,38760.0,BLS OEWS 2024
41-9011,Demonstrators and Product Promoters,64770.0,37960.0,BLS OEWS 2024
41-9012,Models,5350.0,89990.0,BLS OEWS 2024
41-9020,Real Estate Brokers and Sales Agents,240190.0,58960.0,BLS OEWS 2024
41-9021,Real Estate Brokers,49590.0,72280.0,BLS OEWS 2024
41-9022,Real Estate Sales Agents,190600.0,56320.0,BLS OEWS 2024
41-9031,Sales Engineers,56690.0,121520.0,BLS OEWS 2024
41-9041,Telemarketers,66430.0,34410.0,BLS OEWS 2024
41-9090,Miscellaneous Sales and Related Workers,103660.0,46000.0,BLS OEWS 2024
41-9091,"Door-to-Door Sales Workers, News and Street Vendors, and Related Workers",4590.0,34530.0,BLS OEWS 2024
41-9099,"Sales and Related Workers, All Other",99070.0,46370.0,BLS OEWS 2024
43-1011,First-Line Supervisors of Office and Administrative Support Workers,1495580.0,66140.0,BLS OEWS 2024
43-2000,Communications Equipment Operators,41070.0,38600.0,BLS OEWS 2024
43-2011,"Switchboard Operators, Including Answering Service",35730.0,38370.0,BLS OEWS 2024
43-2021,Telephone Operators,3950.0,39130.0,BLS OEWS 2024
43-2099,"Communications Equipment Operators, All Other",1390.0,49910.0,BLS OEWS 2024
43-3000,Financial Clerks,2645000.0,47370.0,BLS OEWS 2024
43-3011,Bill and Account Collectors,165020.0,46040.0,BLS OEWS 2024
43-3021,Billing and Posting Clerks,417500.0,47170.0,BLS OEWS 2024
43-3031,"Bookkeeping, Accounting, and Auditing Clerks",1455770.0,49210.0,BLS OEWS 2024
43-3041,Gambling Cage Workers,13490.0,36990.0,BLS OEWS 2024
43-3051,Payroll and Timekeeping Clerks,156950.0,55290.0,BLS OEWS 2024
43-3061,Procurement Clerks,59900.0,48510.0,BLS OEWS 2024
43-3071,Tellers,339340.0,39340.0,BLS OEWS 2024
43-3099,"Financial Clerks, All Other",37030.0,52150.0,BLS OEWS 2024
43-4000,Information and Record Clerks,5311310.0,41600.0,BLS OEWS 2024
43-4011,Brokerage Clerks,40090.0,62940.0,BLS OEWS 2024
43-4021,Correspondence Clerks,6260.0,46740.0,BLS OEWS 2024
43-4031,"Court, Municipal, and License Clerks",170010.0,47700.0,BLS OEWS 2024
43-4041,"Credit Authorizers, Checkers, and Clerks",11960.0,49130.0,BLS OEWS 2024
43-4051,Customer Service Representatives,2725930.0,42830.0,BLS OEWS 2024
43-4061,"Eligibility Interviewers, Government Programs",156260.0,51500.0,BLS OEWS 2024
43-4071,File Clerks,78980.0,41270.0,BLS OEWS 2024
43-4081,"Hotel, Motel, and Resort Desk Clerks",261430.0,34270.0,BLS OEWS 2024
43-4111,"Interviewers, Except Eligibility and Loan",157310.0,43830.0,BLS OEWS 2024
43-4121,"Library Assistants, Clerical",80070.0,36010.0,BLS OEWS 2024
43-4131,Loan Interviewers and Clerks,173100.0,48950.0,BLS OEWS 2024
43-4141,New Accounts Clerks,38030.0,46610.0,BLS OEWS 2024
43-4151,Order Clerks,83420.0,44660.0,BLS OEWS 2024
43-4161,"Human Resources Assistants, Except Payroll and Timekeeping",92580.0,49440.0,BLS OEWS 2024
43-4171,Receptionists and Information Clerks,964530.0,37230.0,BLS OEWS 2024
43-4181,Reservation and Transportation Ticket Agents and Travel Clerks,127440.0,41460.0,BLS OEWS 2024
43-4199,"Information and Record Clerks, All Other",143910.0,48360.0,BLS OEWS 2024
43-5000,"Material Recording, Scheduling, Dispatching, and Distributing Workers",2319860.0,48090.0,BLS OEWS 2024
43-5011,Cargo and Freight Agents,97800.0,49900.0,BLS OEWS 2024
43-5021,Couriers and Messengers,71920.0,38340.0,BLS OEWS 2024
43-5030,Dispatchers,312140.0,49500.0,BLS OEWS 2024
43-5031,Public Safety Telecommunicators,101140.0,50730.0,BLS OEWS 2024
43-5032,"Dispatchers, Except Police, Fire, and Ambulance",211000.0,48880.0,BLS OEWS 2024
43-5041,"Meter Readers, Utilities",19620.0,49180.0,BLS OEWS 2024
43-5050,Postal Service Workers,526030.0,57870.0,BLS OEWS 2024
43-5051,Postal Service Clerks,78060.0,61630.0,BLS OEWS 2024
43-5052,Postal Service Mail Carriers,336040.0,57490.0,BLS OEWS 2024
43-5053,"Postal Service Mail Sorters, Processors, and Processing Machine Operators",111930.0,56530.0,BLS OEWS 2024
43-5061,"Production, Planning, and Expediting Clerks",385000.0,57770.0,BLS OEWS 2024
43-5071,"Shipping, Receiving, and Inventory Clerks",857630.0,43190.0,BLS OEWS 2024
43-5111,"Weighers, Measurers, Checkers, and Samplers, Recordkeeping",49720.0,45650.0,BLS OEWS 2024
43-6010,Secretaries and Administrative Assistants,3195900.0,47460.0,BLS OEWS 2024
43-6011,Executive Secretaries and Executive Administrative Assistants,472770.0,74260.0,BLS OEWS 2024
43-6012,Legal Secretaries and Administrative Assistants,154540.0,54140.0,BLS OEWS 2024
43-6013,Medical Secretaries and Administrative Assistants,830760.0,44640.0,BLS OEWS 2024
43-6014,"Secretaries and Administrative Assistants, Except Legal, Medical, and Executive",1737820.0,46290.0,BLS OEWS 2024
43-9000,Other Office and Administrative Support Workers,3209350.0,44030.0,BLS OEWS 2024
43-9020,Data Entry and Information Processing Workers,171310.0,41480.0,BLS OEWS 2024
43-9021,Data Entry Keyers,135280.0,39850.0,BLS OEWS 2024
43-9022,Word Processors and Typists,36030.0,47850.0,BLS OEWS 2024
43-9031,Desktop Publishers,4000.0,53620.0,BLS OEWS 2024
43-9041,Insurance Claims and Policy Processing Clerks,229070.0,48450.0,BLS OEWS 2024
43-9051,"Mail Clerks and Mail Machine Operators, Except Postal Service",62730.0,38150.0,BLS OEWS 2024
43-9061,"Office Clerks, General",2510550.0,43630.0,BLS OEWS 2024
43-9071,"Office Machine Operators, Except Computer",24740.0,39020.0,BLS OEWS 2024
43-9081,Proofreaders and Copy Markers,5160.0,49210.0,BLS OEWS 2024
43-9111,Statistical Assistants,5900.0,51440.0,BLS OEWS 2024
43-9199,"Office and Administrative Support Workers, All Other",195890.0,46040.0,BLS OEWS 2024
45-1011,"First-Line Supervisors of Farming, Fishing, and Forestry Workers",29530.0,59330.0,BLS OEWS 2024
45-2000,Agricultural Workers,373730.0,36020.0,BLS OEWS 2024
45-2011,Agricultural Inspectors,12090.0,50990.0,BLS OEWS 2024
45-2021,Animal Breeders,1730.0,52000.0,BLS OEWS 2024
45-2041,"Graders and Sorters, Agricultural Products",26870.0,35430.0,BLS OEWS 2024
45-2090,Miscellaneous Agricultural Workers,333040.0,35960.0,BLS OEWS 2024
45-2091,Agricultural Equipment Operators,30940.0,42580.0,BLS OEWS 2024
45-2092,"Farmworkers and Laborers, Crop, Nursery, and Greenhouse",261690.0,35690.0,BLS OEWS 2024
45-2093,"Farmworkers, Farm, Ranch, and Aquacultural Animals",35420.0,36150.0,BLS OEWS 2024
45-2099,"Agricultural Workers, All Other",4980.0,40390.0,BLS OEWS 2024
45-4000,"Forest, Conservation, and Logging Workers",37740.0,48390.0,BLS OEWS 2024
45-4011,Forest and Conservation Workers,5630.0,43680.0,BLS OEWS 2024
45-4020,Logging Workers,32110.0,49540.0,BLS OEWS 2024
45-4021,Fallers,4110.0,53900.0,BLS OEWS 2024
45-4022,Logging Equipment Operators,22520.0,49210.0,BLS OEWS 2024
45-4023,Log Graders and Scalers,3310.0,46710.0,BLS OEWS 2024
45-4029,"Logging Workers, All Other",2160.0,52000.0,BLS OEWS 2024
47-1011,First-Line Supervisors of Construction Trades and Extraction Workers,806080.0,78690.0,BLS OEWS 2024
47-2000,Construction Trades Workers,4691890.0,56490.0,BLS OEWS 2024
47-2011,Boilermakers,10170.0,73340.0,BLS OEWS 2024
47-2020,"Brickmasons, Blockmasons, and Stonemasons",62260.0,60180.0,BLS OEWS 2024
47-2021,Brickmasons and Blockmasons,53520.0,60800.0,BLS OEWS 2024
47-2022,Stonemasons,8750.0,51990.0,BLS OEWS 2024
47-2031,Carpenters,697740.0,59310.0,BLS OEWS 2024
47-2040,"Carpet, Floor, and Tile Installers and Finishers",82710.0,52000.0,BLS OEWS 2024
47-2041,Carpet Installers,14980.0,49850.0,BLS OEWS 2024
47-2042,"Floor Layers, Except Carpet, Wood, and Hard Tiles",24850.0,54340.0,BLS OEWS 2024
47-2043,Floor Sanders and Finishers,4140.0,49150.0,BLS OEWS 2024
47-2044,Tile and Stone Setters,38740.0,52240.0,BLS OEWS 2024
47-2050,"Cement Masons, Concrete Finishers, and Terrazzo Workers",206680.0,54700.0,BLS OEWS 2024
47-2051,Cement Masons and Concrete Finishers,205230.0,54660.0,BLS OEWS 2024
47-2053,Terrazzo Workers and Finishers,1450.0,57260.0,BLS OEWS 2024
47-2061,Construction Laborers,1057660.0,46730.0,BLS OEWS 2024
47-2070,Construction Equipment Operators,518000.0,58320.0,BLS OEWS 2024
47-2071,"Paving, Surfacing, and Tamping Equipment Operators",45680.0,51650.0,BLS OEWS 2024
47-2072,Pile Driver Operators,3040.0,70510.0,BLS OEWS 2024
47-2073,Operating Engineers and Other Construction Equipment Operators,469270.0,58710.0,BLS OEWS 2024
47-2080,"Drywall Installers, Ceiling Tile Installers, and Tapers",95400.0,58800.0,BLS OEWS 2024
47-2081,Drywall and Ceiling Tile Installers,82900.0,58140.0,BLS OEWS 2024
47-2082,Tapers,12500.0,64700.0,BLS OEWS 2024
47-2111,Electricians,742580.0,62350.0,BLS OEWS 2024
47-2121,Glaziers,57000.0,55440.0,BLS OEWS 2024
47-2130,Insulation Workers,64250.0,50730.0,BLS OEWS 2024
47-2131,"Insulation Workers, Floor, Ceiling, and Wall",38610.0,48680.0,BLS OEWS 2024
47-2132,"Insulation Workers, Mechanical",25640.0,57250.0,BLS OEWS 2024
47-2140,Painters and Paperhangers,225700.0,48660.0,BLS OEWS 2024
47-2141,"Painters, Construction and Maintenance",224180.0,48660.0,BLS OEWS 2024
47-2142,Paperhangers,1520.0,48260.0,BLS OEWS 2024
47-2150,"Pipelayers, Plumbers, Pipefitters, and Steamfitters",489520.0,62210.0,BLS OEWS 2024
47-2151,Pipelayers,33580.0,48710.0,BLS OEWS 2024
47-2152,"Plumbers, Pipefitters, and Steamfitters",455940.0,62970.0,BLS OEWS 2024
47-2161,Plasterers and Stucco Masons,20880.0,56020.0,BLS OEWS 2024
47-2171,Reinforcing Iron and Rebar Workers,14140.0,59280.0,BLS OEWS 2024
47-2181,Roofers,136740.0,50970.0,BLS OEWS 2024
47-2211,Sheet Metal Workers,117470.0,60850.0,BLS OEWS 2024
47-2221,Structural Iron and Steel Workers,64720.0,62700.0,BLS OEWS 2024
47-2231,Solar Photovoltaic Installers,28280.0,51860.0,BLS OEWS 2024
47-3010,"Helpers, Construction Trades",186250.0,40430.0,BLS OEWS 2024
47-3011,"Helpers--Brickmasons, Blockmasons, Stonemasons, and Tile and Marble Setters",15660.0,46480.0,BLS OEWS 2024
47-3012,Helpers--Carpenters,24610.0,41600.0,BLS OEWS 2024
47-3013,Helpers--Electricians,64440.0,39890.0,BLS OEWS 2024
47-3014,"Helpers--Painters, Paperhangers, Plasterers, and Stucco Masons",7220.0,38140.0,BLS OEWS 2024
47-3015,"Helpers--Pipelayers, Plumbers, Pipefitters, and Steamfitters",43640.0,39270.0,BLS OEWS 2024
47-3016,Helpers--Roofers,5170.0,40590.0,BLS OEWS 2024
47-3019,"Helpers, Construction Trades, All Other",25510.0,40760.0,BLS OEWS 2024
47-4000,Other Construction and Related Workers,464570.0,56520.0,BLS OEWS 2024
47-4011,Construction and Building Inspectors,137210.0,72120.0,BLS OEWS 2024
47-4021,Elevator and Escalator Installers and Repairers,23340.0,106580.0,BLS OEWS 2024
47-4031,Fence Erectors,22640.0,46940.0,BLS OEWS 2024
47-4041,Hazardous Materials Removal Workers,50570.0,48490.0,BLS OEWS 2024
47-4051,Highway Maintenance Workers,151750.0,49070.0,BLS OEWS 2024
47-4061,Rail-Track Laying and Maintenance Equipment Operators,16480.0,67370.0,BLS OEWS 2024
47-4071,Septic Tank Servicers and Sewer Pipe Cleaners,29050.0,49140.0,BLS OEWS 2024
47-4090,Miscellaneous Construction and Related Workers,33530.0,48120.0,BLS OEWS 2024
47-5000,Extraction Workers,212920.0,56020.0,BLS OEWS 2024
47-5010,"Derrick, Rotary Drill, and Service Unit Operators, Oil and Gas",68250.0,59660.0,BLS OEWS 2024
47-5011,"Derrick Operators, Oil and Gas",11040.0,62740.0,BLS OEWS 2024
47-5012,"Rotary Drill Operators, Oil and Gas",13090.0,65010.0,BLS OEWS 2024
47-5013,"Service Unit Operators, Oil and Gas",44120.0,57980.0,BLS OEWS 2024
47-5020,Surface Mining Machine Operators and Earth Drillers,51620.0,56020.0,BLS OEWS 2024
47-5022,"Excavating and Loading Machine and Dragline Operators, Surface Mining",34210.0,52550.0,BLS OEWS 2024
47-5023,"Earth Drillers, Except Oil and Gas",17410.0,59600.0,BLS OEWS 2024
47-5032,"Explosives Workers, Ordnance Handling Experts, and Blasters",5680.0,59110.0,BLS OEWS 2024
47-5040,Underground Mining Machine Operators,26170.0,66770.0,BLS OEWS 2024
47-5041,Continuous Mining Machine Operators,14340.0,63380.0,BLS OEWS 2024
47-5043,"Roof Bolters, Mining",2230.0,76640.0,BLS OEWS 2024
47-5044,"Loading and Moving Machine Operators, Underground Mining",6130.0,68860.0,BLS OEWS 2024
47-5049,"Underground Mining Machine Operators, All Other",3480.0,67220.0,BLS OEWS 2024
47-5051,"Rock Splitters, Quarry",3080.0,47460.0,BLS OEWS 2024
47-5071,"Roustabouts, Oil and Gas",45330.0,47510.0,BLS OEWS 2024
47-5081,Helpers--Extraction Workers,6720.0,48400.0,BLS OEWS 2024
47-5099,"Extraction Workers, All Other",6070.0,50110.0,BLS OEWS 2024
49-1011,"First-Line Supervisors of Mechanics, Installers, and Repairers",600680.0,78300.0,BLS OEWS 2024
49-2000,"Electrical and Electronic Equipment Mechanics, Installers, and Repairers",479930.0,60980.0,BLS OEWS 2024
49-2011,"Computer, Automated Teller, and Office Machine Repairers",73010.0,46860.0,BLS OEWS 2024
49-2020,Radio and Telecommunications Equipment Installers and Repairers,165290.0,62710.0,BLS OEWS 2024
49-2021,"Radio, Cellular, and Tower Equipment Installers and Repairers",11400.0,64190.0,BLS OEWS 2024
49-2022,"Telecommunications Equipment Installers and Repairers, Except Line Installers",153890.0,62630.0,BLS OEWS 2024
49-2090,"Miscellaneous Electrical and Electronic Equipment Mechanics, Installers, and Repairers",241630.0,63120.0,BLS OEWS 2024
49-2091,Avionics Technicians,20900.0,81390.0,BLS OEWS 2024
49-2092,"Electric Motor, Power Tool, and Related Repairers",16570.0,53990.0,BLS OEWS 2024
49-2093,"Electrical and Electronics Installers and Repairers, Transportation Equipment",7310.0,82730.0,BLS OEWS 2024
49-2094,"Electrical and Electronics Repairers, Commercial and Industrial Equipment",59990.0,71300.0,BLS OEWS 2024
49-2095,"Electrical and Electronics Repairers, Powerhouse, Substation, and Relay",23040.0,100940.0,BLS OEWS 2024
49-2096,"Electronic Equipment Installers and Repairers, Motor Vehicles",10140.0,47940.0,BLS OEWS 2024
49-2097,Audiovisual Equipment Installers and Repairers,22170.0,50620.0,BLS OEWS 2024
49-2098,Security and Fire Alarm Systems Installers,81510.0,59300.0,BLS OEWS 2024
49-3000,"Vehicle and Mobile Equipment Mechanics, Installers, and Repairers",1732480.0,56220.0,BLS OEWS 2024
49-3011,Aircraft Mechanics and Service Technicians,136390.0,78680.0,BLS OEWS 2024
49-3020,Automotive Technicians and Repairers,863000.0,49950.0,BLS OEWS 2024
49-3021,Automotive Body and Related Repairers,155220.0,51680.0,BLS OEWS 2024
49-3022,Automotive Glass Installers and Repairers,18940.0,47260.0,BLS OEWS 2024
49-3023,Automotive Service Technicians and Mechanics,688840.0,49670.0,BLS OEWS 2024
49-3031,Bus and Truck Mechanics and Diesel Engine Specialists,287230.0,60640.0,BLS OEWS 2024
49-3040,Heavy Vehicle and Mobile Equipment Service Technicians and Mechanics,235450.0,62740.0,BLS OEWS 2024
49-3041,Farm Equipment Mechanics and Service Technicians,36880.0,52080.0,BLS OEWS 2024
49-3042,"Mobile Heavy Equipment Mechanics, Except Engines",180270.0,63980.0,BLS OEWS 2024
49-3043,Rail Car Repairers,18300.0,65680.0,BLS OEWS 2024
49-3050,Small Engine Mechanics,72500.0,48240.0,BLS OEWS 2024
49-3051,Motorboat Mechanics and Service Technicians,24250.0,54950.0,BLS OEWS 2024
49-3052,Motorcycle Mechanics,14010.0,47200.0,BLS OEWS 2024
49-3053,Outdoor Power Equipment and Other Small Engine Mechanics,34240.0,46560.0,BLS OEWS 2024
49-3090,"Miscellaneous Vehicle and Mobile Equipment Mechanics, Installers, and Repairers",137920.0,37960.0,BLS OEWS 2024
49-3091,Bicycle Repairers,12590.0,40360.0,BLS OEWS 2024
49-3092,Recreational Vehicle Service Technicians,18710.0,50540.0,BLS OEWS 2024
49-3093,Tire Repairers and Changers,106620.0,37120.0,BLS OEWS 2024
49-9000,"Other Installation, Maintenance, and Repair Occupations",3231930.0,54790.0,BLS OEWS 2024
49-9010,Control and Valve Installers and Repairers,74890.0,61600.0,BLS OEWS 2024
49-9011,Mechanical Door Repairers,27970.0,51050.0,BLS OEWS 2024
49-9012,"Control and Valve Installers and Repairers, Except Mechanical Door",46920.0,74690.0,BLS OEWS 2024
49-9021,"Heating, Air Conditioning, and Refrigeration Mechanics and Installers",396870.0,59810.0,BLS OEWS 2024
49-9031,Home Appliance Repairers,31940.0,49410.0,BLS OEWS 2024
49-9040,"Industrial Machinery Installation, Repair, and Maintenance Workers",520240.0,63500.0,BLS OEWS 2024
49-9041,Industrial Machinery Mechanics,421940.0,63760.0,BLS OEWS 2024
49-9043,"Maintenance Workers, Machinery",56540.0,60500.0,BLS OEWS 2024
49-9044,Millwrights,40660.0,65170.0,BLS OEWS 2024
49-9045,"Refractory Materials Repairers, Except Brickmasons",1100.0,58540.0,BLS OEWS 2024
49-9050,Line Installers and Repairers,222040.0,81110.0,BLS OEWS 2024
49-9051,Electrical Power-Line Installers and Repairers,123680.0,92560.0,BLS OEWS 2024
49-9052,Telecommunications Line Installers and Repairers,98360.0,70500.0,BLS OEWS 2024
49-9060,Precision Instrument and Equipment Repairers,79540.0,61430.0,BLS OEWS 2024
49-9061,Camera and Photographic Equipment Repairers,2010.0,49300.0,BLS OEWS 2024
49-9062,Medical Equipment Repairers,60830.0,62630.0,BLS OEWS 2024
49-9063,Musical Instrument Repairers and Tuners,5730.0,45320.0,BLS OEWS 2024
49-9064,Watch and Clock Repairers,1300.0,60690.0,BLS OEWS 2024
49-9069,"Precision Instrument and Equipment Repairers, All Other",9680.0,67080.0,BLS OEWS 2024
49-9071,"Maintenance and Repair Workers, General",1531700.0,48620.0,BLS OEWS 2024
49-9081,Wind Turbine Service Technicians,11220.0,62580.0,BLS OEWS 2024
49-9090,"Miscellaneous Installation, Maintenance, and Repair Workers",363490.0,46970.0,BLS OEWS 2024
49-9091,"Coin, Vending, and Amusement Machine Servicers and Repairers",28260.0,47350.0,BLS OEWS 2024
49-9092,Commercial Divers,3430.0,61130.0,BLS OEWS 2024
49-9094,Locksmiths and Safe Repairers,15550.0,50490.0,BLS OEWS 2024
49-9095,Manufactured Building and Mobile Home Installers,2610.0,41080.0,BLS OEWS 2024
49-9096,Riggers,24190.0,62060.0,BLS OEWS 2024
49-9097,Signal and Track Switch Repairers,8210.0,83600.0,BLS OEWS 2024
49-9098,"Helpers--Installation, Maintenance, and Repair Workers",97540.0,38860.0,BLS OEWS 2024
49-9099,"Installation, Maintenance, and Repair Workers, All Other",183690.0,48640.0,BLS OEWS 2024
51-1011,First-Line Supervisors of Production and Operating Workers,685140.0,71190.0,BLS OEWS 2024
51-2000,Assemblers and Fabricators,1874550.0,43570.0,BLS OEWS 2024
51-2011,"Aircraft Structure, Surfaces, Rigging, and Systems Assemblers",32890.0,61680.0,BLS OEWS 2024
51-2020,"Electrical, Electronics, and Electromechanical Assemblers",273300.0,44210.0,BLS OEWS 2024
51-2021,"Coil Winders, Tapers, and Finishers",12170.0,47260.0,BLS OEWS 2024
51-2028,"Electrical, electronic, and electromechanical assemblers, except coil winders, tapers, and finishers",261140.0,44040.0,BLS OEWS 2024
51-2031,Engine and Other Machine Assemblers,38420.0,52540.0,BLS OEWS 2024
51-2041,Structural Metal Fabricators and Fitters,53380.0,49900.0,BLS OEWS 2024
51-2051,Fiberglass Laminators and Fabricators,18520.0,45760.0,BLS OEWS 2024
51-2061,Timing Device Assemblers and Adjusters,230.0,40790.0,BLS OEWS 2024
51-2090,Miscellaneous Assemblers and Fabricators,1457800.0,42210.0,BLS OEWS 2024
51-3000,Food Processing Workers,857260.0,38200.0,BLS OEWS 2024
51-3011,Bakers,231890.0,36650.0,BLS OEWS 2024
51-3020,"Butchers and Other Meat, Poultry, and Fish Processing Workers",348630.0,38500.0,BLS OEWS 2024
51-3021,Butchers and Meat Cutters,140040.0,38960.0,BLS OEWS 2024
51-3022,"Meat, Poultry, and Fish Cutters and Trimmers",141090.0,37700.0,BLS OEWS 2024
51-3023,Slaughterers and Meat Packers,67500.0,39790.0,BLS OEWS 2024
51-3090,Miscellaneous Food Processing Workers,276740.0,40050.0,BLS OEWS 2024
51-3091,"Food and Tobacco Roasting, Baking, and Drying Machine Operators and Tenders",19500.0,42730.0,BLS OEWS 2024
51-3092,Food Batchmakers,171660.0,40790.0,BLS OEWS 2024
51-3093,Food Cooking Machine Operators and Tenders,27660.0,40550.0,BLS OEWS 2024
51-3099,"Food Processing Workers, All Other",57920.0,38420.0,BLS OEWS 2024
51-4000,Metal Workers and Plastic Workers,1599780.0,48660.0,BLS OEWS 2024
51-4020,"Forming Machine Setters, Operators, and Tenders, Metal and Plastic",96810.0,47460.0,BLS OEWS 2024
51-4021,"Extruding and Drawing Machine Setters, Operators, and Tenders, Metal and Plastic",65700.0,46980.0,BLS OEWS 2024
51-4022,"Forging Machine Setters, Operators, and Tenders, Metal and Plastic",8760.0,49240.0,BLS OEWS 2024
51-4023,"Rolling Machine Setters, Operators, and Tenders, Metal and Plastic",22350.0,48630.0,BLS OEWS 2024
51-4030,"Machine Tool Cutting Setters, Operators, and Tenders, Metal and Plastic",282640.0,45870.0,BLS OEWS 2024
51-4031,"Cutting, Punching, and Press Machine Setters, Operators, and Tenders, Metal and Plastic",174430.0,45590.0,BLS OEWS 2024
51-4032,"Drilling and Boring Machine Tool Setters, Operators, and Tenders, Metal and Plastic",5310.0,46630.0,BLS OEWS 2024
51-4033,"Grinding/Lapping/Polishing/Buffing Machine Tool Setters, Operators, and Tenders, Metal and Plastic",70110.0,45190.0,BLS OEWS 2024
51-4034,"Lathe and Turning Machine Tool Setters, Operators, and Tenders, Metal and Plastic",18970.0,48620.0,BLS OEWS 2024
51-4035,"Milling and Planing Machine Setters, Operators, and Tenders, Metal and Plastic",13810.0,48310.0,BLS OEWS 2024
51-4041,Machinists,298790.0,56150.0,BLS OEWS 2024
51-4050,"Metal Furnace Operators, Tenders, Pourers, and Casters",26160.0,54100.0,BLS OEWS 2024
51-4051,Metal-Refining Furnace Operators and Tenders,20330.0,55770.0,BLS OEWS 2024
51-4052,"Pourers and Casters, Metal",5830.0,48940.0,BLS OEWS 2024
51-4060,"Model Makers and Patternmakers, Metal and Plastic",4800.0,59530.0,BLS OEWS 2024
51-4061,"Model Makers, Metal and Plastic",3230.0,62700.0,BLS OEWS 2024
51-4062,"Patternmakers, Metal and Plastic",1570.0,54540.0,BLS OEWS 2024
51-4070,"Molders and Molding Machine Setters, Operators, and Tenders, Metal and Plastic",167540.0,41890.0,BLS OEWS 2024
51-4071,Foundry Mold and Coremakers,12720.0,45700.0,BLS OEWS 2024
51-4072,"Molding, Coremaking, and Casting Machine Setters, Operators, and Tenders, Metal and Plastic",154820.0,41230.0,BLS OEWS 2024
51-4081,"Multiple Machine Tool Setters, Operators, and Tenders, Metal and Plastic",129850.0,46060.0,BLS OEWS 2024
51-4111,Tool and Die Makers,55130.0,63180.0,BLS OEWS 2024
51-4120,"Welding, Soldering, and Brazing Workers",460340.0,50560.0,BLS OEWS 2024
51-4121,"Welders, Cutters, Solderers, and Brazers",424040.0,51000.0,BLS OEWS 2024
51-4122,"Welding, Soldering, and Brazing Machine Setters, Operators, and Tenders",36290.0,47060.0,BLS OEWS 2024
51-4190,Miscellaneous Metal Workers and Plastic Workers,77710.0,45050.0,BLS OEWS 2024
51-4191,"Heat Treating Equipment Setters, Operators, and Tenders, Metal and Plastic",14590.0,47450.0,BLS OEWS 2024
51-4192,"Layout Workers, Metal and Plastic",5610.0,61870.0,BLS OEWS 2024
51-4193,"Plating Machine Setters, Operators, and Tenders, Metal and Plastic",31510.0,41600.0,BLS OEWS 2024
51-4194,"Tool Grinders, Filers, and Sharpeners",5730.0,48970.0,BLS OEWS 2024
51-4199,"Metal Workers and Plastic Workers, All Other",20270.0,42750.0,BLS OEWS 2024
51-5110,Printing Workers,204640.0,44830.0,BLS OEWS 2024
51-5111,Prepress Technicians and Workers,23070.0,47300.0,BLS OEWS 2024
51-5112,Printing Press Operators,145110.0,45160.0,BLS OEWS 2024
51-5113,Print Binding and Finishing Workers,36470.0,39820.0,BLS OEWS 2024
51-6000,"Textile, Apparel, and Furnishings Workers",464330.0,35580.0,BLS OEWS 2024
51-6011,Laundry and Dry-Cleaning Workers,195360.0,33800.0,BLS OEWS 2024
51-6021,"Pressers, Textile, Garment, and Related Materials",26830.0,33880.0,BLS OEWS 2024
51-6031,Sewing Machine Operators,109590.0,36000.0,BLS OEWS 2024
51-6040,Shoe and Leather Workers,10910.0,36460.0,BLS OEWS 2024
51-6041,Shoe and Leather Workers and Repairers,7640.0,35950.0,BLS OEWS 2024
51-6042,Shoe Machine Operators and Tenders,3270.0,38160.0,BLS OEWS 2024
51-6050,"Tailors, Dressmakers, and Sewers",18540.0,39590.0,BLS OEWS 2024
51-6051,"Sewers, Hand",2240.0,33760.0,BLS OEWS 2024
51-6052,"Tailors, Dressmakers, and Custom Sewers",16290.0,40860.0,BLS OEWS 2024
51-6060,"Textile Machine Setters, Operators, and Tenders",49910.0,37800.0,BLS OEWS 2024
51-6061,Textile Bleaching and Dyeing Machine Operators and Tenders,5820.0,37320.0,BLS OEWS 2024
51-6062,"Textile Cutting Machine Setters, Operators, and Tenders",8960.0,37940.0,BLS OEWS 2024
51-6063,"Textile Knitting and Weaving Machine Setters, Operators, and Tenders",14530.0,38260.0,BLS OEWS 2024
51-6064,"Textile Winding, Twisting, and Drawing Out Machine Setters, Operators, and Tenders",20600.0,37660.0,BLS OEWS 2024
51-6090,"Miscellaneous Textile, Apparel, and Furnishings Workers",53200.0,43670.0,BLS OEWS 2024
51-6091,"Extruding and Forming Machine Setters, Operators, and Tenders, Synthetic and Glass Fibers",14900.0,44980.0,BLS OEWS 2024
51-6092,Fabric and Apparel Patternmakers,2860.0,67670.0,BLS OEWS 2024
51-6093,Upholsterers,20990.0,46190.0,BLS OEWS 2024
51-6099,"Textile, Apparel, and Furnishings Workers, All Other",14450.0,37010.0,BLS OEWS 2024
51-7000,Woodworkers,207380.0,43640.0,BLS OEWS 2024
51-7011,Cabinetmakers and Bench Carpenters,79540.0,46020.0,BLS OEWS 2024
51-7021,Furniture Finishers,14230.0,42530.0,BLS OEWS 2024
51-7030,"Model Makers and Patternmakers, Wood",530.0,51920.0,BLS OEWS 2024
51-7031,"Model Makers, Wood",360.0,51850.0,BLS OEWS 2024
51-7032,"Patternmakers, Wood",180.0,52520.0,BLS OEWS 2024
51-7040,"Woodworking Machine Setters, Operators, and Tenders",106490.0,40300.0,BLS OEWS 2024
51-7041,"Sawing Machine Setters, Operators, and Tenders, Wood",43140.0,39950.0,BLS OEWS 2024
51-7042,"Woodworking Machine Setters, Operators, and Tenders, Except Sawing",63350.0,40440.0,BLS OEWS 2024
51-7099,"Woodworkers, All Other",6590.0,41220.0,BLS OEWS 2024
51-8000,Plant and System Operators,287720.0,70740.0,BLS OEWS 2024
51-8010,"Power Plant Operators, Distributors, and Dispatchers",45630.0,103600.0,BLS OEWS 2024
51-8011,Nuclear Power Reactor Operators,5720.0,122610.0,BLS OEWS 2024
51-8012,Power Distributors and Dispatchers,9180.0,107240.0,BLS OEWS 2024
51-8013,Power Plant Operators,30720.0,99670.0,BLS OEWS 2024
51-8021,Stationary Engineers and Boiler Operators,30780.0,75190.0,BLS OEWS 2024
51-8031,Water and Wastewater Treatment Plant and System Operators,126750.0,58260.0,BLS OEWS 2024
51-8090,Miscellaneous Plant and System Operators,84560.0,81930.0,BLS OEWS 2024
51-8091,Chemical Plant and System Operators,17840.0,73540.0,BLS OEWS 2024
51-8092,Gas Plant Operators,15910.0,83400.0,BLS OEWS 2024
51-8093,"Petroleum Pump System Operators, Refinery Operators, and Gaugers",34860.0,97540.0,BLS OEWS 2024
51-8099,"Plant and System Operators, All Other",15950.0,61710.0,BLS OEWS 2024
51-9000,Other Production Occupations,2562640.0,45970.0,BLS OEWS 2024
51-9010,"Chemical Processing Machine Setters, Operators, and Tenders",181610.0,54110.0,BLS OEWS 2024
51-9011,Chemical Equipment Operators and Tenders,127410.0,57090.0,BLS OEWS 2024
51-9012,"Separating, Filtering, Clarifying, Precipitating, and Still Machine Setters, Operators, and Tenders",54200.0,49500.0,BLS OEWS 2024
51-9020,"Crushing, Grinding, Polishing, Mixing, and Blending Workers",141240.0,47110.0,BLS OEWS 2024
51-9021,"Crushing, Grinding, and Polishing Machine Setters, Operators, and Tenders",28550.0,46890.0,BLS OEWS 2024
51-9022,"Grinding and Polishing Workers, Hand",11850.0,41690.0,BLS OEWS 2024
51-9023,"Mixing and Blending Machine Setters, Operators, and Tenders",100840.0,47680.0,BLS OEWS 2024
51-9030,Cutting Workers,54610.0,45140.0,BLS OEWS 2024
51-9031,"Cutters and Trimmers, Hand",7070.0,38800.0,BLS OEWS 2024
51-9032,"Cutting and Slicing Machine Setters, Operators, and Tenders",47540.0,45700.0,BLS OEWS 2024
51-9041,"Extruding, Forming, Pressing, and Compacting Machine Setters, Operators, and Tenders",57310.0,45130.0,BLS OEWS 2024
51-9051,"Furnace, Kiln, Oven, Drier, and Kettle Operators and Tenders",16160.0,47010.0,BLS OEWS 2024
51-9061,"Inspectors, Testers, Sorters, Samplers, and Weighers",591180.0,47460.0,BLS OEWS 2024
51-9071,Jewelers and Precious Stone and Metal Workers,23420.0,49140.0,BLS OEWS 2024
51-9080,Dental and Ophthalmic Laboratory Technicians and Medical Appliance Technicians,64150.0,45820.0,BLS OEWS 2024
51-9081,Dental Laboratory Technicians,33920.0,48310.0,BLS OEWS 2024
51-9082,Medical Appliance Technicians,11490.0,47060.0,BLS OEWS 2024
51-9083,Ophthalmic Laboratory Technicians,18740.0,38420.0,BLS OEWS 2024
51-9111,Packaging and Filling Machine Operators and Tenders,383860.0,40900.0,BLS OEWS 2024
51-9120,Painting Workers,167960.0,47390.0,BLS OEWS 2024
51-9123,"Painting, Coating, and Decorating Workers",8470.0,40860.0,BLS OEWS 2024
51-9124,"Coating, Painting, and Spraying Machine Setters, Operators, and Tenders",159500.0,47590.0,BLS OEWS 2024
51-9141,Semiconductor Processing Technicians,32150.0,51180.0,BLS OEWS 2024
51-9151,Photographic Process Workers and Processing Machine Operators,5550.0,40100.0,BLS OEWS 2024
51-9160,Computer Numerically Controlled Tool Operators and Programmers,205190.0,51330.0,BLS OEWS 2024
51-9161,Computer Numerically Controlled Tool Operators,176950.0,49970.0,BLS OEWS 2024
51-9162,Computer Numerically Controlled Tool Programmers,28230.0,65670.0,BLS OEWS 2024
51-9190,Miscellaneous Production Workers,638250.0,40960.0,BLS OEWS 2024
51-9191,Adhesive Bonding Machine Operators and Tenders,12170.0,45210.0,BLS OEWS 2024
51-9192,"Cleaning, Washing, and Metal Pickling Equipment Operators and Tenders",13890.0,41460.0,BLS OEWS 2024
51-9193,Cooling and Freezing Equipment Operators and Tenders,6590.0,40160.0,BLS OEWS 2024
51-9194,Etchers and Engravers,8390.0,40450.0,BLS OEWS 2024
51-9195,"Molders, Shapers, and Casters, Except Metal and Plastic",34750.0,45690.0,BLS OEWS 2024
51-9196,"Paper Goods Machine Setters, Operators, and Tenders",96950.0,49390.0,BLS OEWS 2024
51-9197,Tire Builders,20970.0,55580.0,BLS OEWS 2024
51-9198,Helpers--Production Workers,167490.0,38220.0,BLS OEWS 2024
51-9199,"Production Workers, All Other",277060.0,38820.0,BLS OEWS 2024
53-1040,First-Line Supervisors of Transportation and Material Moving Workers,615680.0,61900.0,BLS OEWS 2024
53-1041,Aircraft Cargo Handling Supervisors,10160.0,63940.0,BLS OEWS 2024
53-1047,"First-Line Supervisors of Transportation Workers, Except Aircraft Cargo Handling Supervisors",605510.0,61890.0,BLS OEWS 2024
53-2000,Air Transportation Workers,320280.0,106500.0,BLS OEWS 2024
53-2010,Aircraft Pilots and Flight Engineers,151130.0,198100.0,BLS OEWS 2024
53-2011,"Airline Pilots, Copilots, and Flight Engineers",99300.0,226600.0,BLS OEWS 2024
53-2012,Commercial Pilots,51830.0,122670.0,BLS OEWS 2024
53-2020,Air Traffic Controllers and Airfield Operations Specialists,39040.0,98920.0,BLS OEWS 2024
53-2021,Air Traffic Controllers,22400.0,144580.0,BLS OEWS 2024
53-2022,Airfield Operations Specialists,16640.0,56750.0,BLS OEWS 2024
53-2031,Flight Attendants,130110.0,67130.0,BLS OEWS 2024
53-3000,Motor Vehicle Operators,4328760.0,48660.0,BLS OEWS 2024
53-3011,"Ambulance Drivers and Attendants, Except Emergency Medical Technicians",12080.0,34330.0,BLS OEWS 2024
53-3030,Driver/Sales Workers and Truck Drivers,3482310.0,49550.0,BLS OEWS 2024
53-3031,Driver/Sales Workers,417420.0,37130.0,BLS OEWS 2024
53-3032,Heavy and Tractor-Trailer Truck Drivers,2070480.0,57440.0,BLS OEWS 2024
53-3033,Light Truck Drivers,994410.0,44140.0,BLS OEWS 2024
53-3050,Passenger Vehicle Drivers,784030.0,45530.0,BLS OEWS 2024
53-3051,"Bus Drivers, School",387920.0,47040.0,BLS OEWS 2024
53-3052,"Bus Drivers, Transit and Intercity",148980.0,57440.0,BLS OEWS 2024
53-3053,Shuttle Drivers and Chauffeurs,229630.0,36670.0,BLS OEWS 2024
53-3054,Taxi Drivers,17510.0,36220.0,BLS OEWS 2024
53-3099,"Motor Vehicle Operators, All Other",50330.0,36260.0,BLS OEWS 2024
53-4000,Rail Transportation Workers,101190.0,75990.0,BLS OEWS 2024
53-4010,Locomotive Engineers and Operators,35300.0,77400.0,BLS OEWS 2024
53-4011,Locomotive Engineers,31990.0,77400.0,BLS OEWS 2024
53-4013,"Rail Yard Engineers, Dinkey Operators, and Hostlers",3300.0,58030.0,BLS OEWS 2024
53-4022,"Railroad Brake, Signal, and Switch Operators and Locomotive Firers",12460.0,65480.0,BLS OEWS 2024
53-4031,Railroad Conductors and Yardmasters,42710.0,74080.0,BLS OEWS 2024
53-4041,Subway and Streetcar Operators,9200.0,84830.0,BLS OEWS 2024
53-4099,"Rail Transportation Workers, All Other",1520.0,49330.0,BLS OEWS 2024
53-5000,Water Transportation Workers,77710.0,66490.0,BLS OEWS 2024
53-5011,Sailors and Marine Oilers,31360.0,49610.0,BLS OEWS 2024
53-5020,Ship and Boat Captains and Operators,37770.0,82400.0,BLS OEWS 2024
53-5021,"Captains, Mates, and Pilots of Water Vessels",35390.0,85540.0,BLS OEWS 2024
53-5022,Motorboat Operators,2380.0,51880.0,BLS OEWS 2024
53-5031,Ship Engineers,8580.0,101320.0,BLS OEWS 2024
53-6000,Other Transportation Workers,330140.0,36060.0,BLS OEWS 2024
53-6011,Bridge and Lock Tenders,2720.0,58490.0,BLS OEWS 2024
53-6021,Parking Attendants,134650.0,34600.0,BLS OEWS 2024
53-6030,Transportation Service Attendants,125580.0,36000.0,BLS OEWS 2024
53-6031,Automotive and Watercraft Service Attendants,98270.0,34850.0,BLS OEWS 2024
53-6032,Aircraft Service Attendants,27310.0,41540.0,BLS OEWS 2024
53-6041,Traffic Technicians,7580.0,58480.0,BLS OEWS 2024
53-6051,Transportation Inspectors,23320.0,85750.0,BLS OEWS 2024
53-6061,Passenger Attendants,25340.0,37560.0,BLS OEWS 2024
53-6099,"Transportation Workers, All Other",10960.0,39630.0,BLS OEWS 2024
53-7000,Material Moving Workers,7871860.0,38340.0,BLS OEWS 2024
53-7011,Conveyor Operators and Tenders,26060.0,41230.0,BLS OEWS 2024
53-7021,Crane and Tower Operators,42000.0,66370.0,BLS OEWS 2024
53-7031,Dredge Operators,1030.0,48430.0,BLS OEWS 2024
53-7041,Hoist and Winch Operators,2480.0,52310.0,BLS OEWS 2024
53-7051,Industrial Truck and Tractor Operators,805770.0,46390.0,BLS OEWS 2024
53-7060,Laborers and Material Movers,6784150.0,37590.0,BLS OEWS 2024
53-7061,Cleaners of Vehicles and Equipment,373960.0,35270.0,BLS OEWS 2024
53-7062,"Laborers and Freight, Stock, and Material Movers, Hand",2982530.0,38940.0,BLS OEWS 2024
53-7063,Machine Feeders and Offbearers,46690.0,39700.0,BLS OEWS 2024
53-7064,"Packers and Packagers, Hand",601440.0,35580.0,BLS OEWS 2024
53-7065,Stockers and Order Fillers,2779530.0,37090.0,BLS OEWS 2024
53-7070,Pumping Station Operators,35060.0,63940.0,BLS OEWS 2024
53-7071,Gas Compressor and Gas Pumping Station Operators,5110.0,71510.0,BLS OEWS 2024
53-7072,"Pump Operators, Except Wellhead Pumpers",12600.0,60020.0,BLS OEWS 2024
53-7073,Wellhead Pumpers,17350.0,70010.0,BLS OEWS 2024
53-7081,Refuse and Recyclable Material Collectors,139180.0,48350.0,BLS OEWS 2024
53-7121,"Tank Car, Truck, and Ship Loaders",10920.0,58070.0,BLS OEWS 2024
53-7199,"Material Moving Workers, All Other",25190.0,41690.0,BLS OEWS 2024
